,adj_close-4,adj_close-5,adj_close-6,volume-4,volume-5,volume-6
0,14982.099609375,41.135746002197266,1065.0,16846600192.0,102223600.0,1237600.0
1,15201.0,41.12859344482422,1082.47998046875,16871900160.0,118071600.0,1430200.0
2,15599.2001953125,41.31962585449219,1086.4000244140625,21783199744.0,89738400.0,1004600.0
3,17429.5,41.790069580078125,1102.22998046875,23840899072.0,94640000.0,1279100.0
4,15170.099609375,41.63484191894531,1106.93994140625,18413899776.0,82271200.0,1047600.0
5,14595.400390625,41.630069732666016,1106.260009765625,16659999744.0,86336000.0,902500.0
6,14973.2998046875,41.62051773071289,1102.6099853515625,18500800512.0,95839600.0,1042800.0
7,13405.7998046875,41.856937408447266,1105.52001953125,16534099968.0,74670800.0,978300.0
8,13980.599609375,42.28915786743164,1122.260009765625,12065699840.0,101672400.0,1720500.0
9,11490.5,42.07423782348633,1121.760009765625,18853799936.0,118263600.0,1575300.0
10,11188.599609375,42.76915740966797,1131.97998046875,18830600192.0,137547200.0,1202600.0
11,11474.900390625,42.807350158691406,1129.7900390625,15020399616.0,124773600.0,1198200.0
12,11607.400390625,42.61631393432617,1137.510009765625,10740400128.0,129700400.0,1778200.0
13,10931.400390625,42.267669677734375,1155.81005859375,10537400320.0,108434400.0,1618000.0
14,10868.400390625,42.27721405029297,1169.969970703125,9660609536.0,130756400.0,1333100.0
15,11359.400390625,41.60381317138672,1164.239990234375,9940989952.0,204420400.0,1416600.0
16,11259.400390625,40.86113357543945,1170.3699951171875,8873169920.0,166116000.0,1480500.0
17,11171.400390625,40.95665740966797,1175.8399658203125,9746199552.0,156572000.0,2018800.0
18,11296.400390625,40.108917236328125,1175.5799560546875,7107359744.0,202561600.0,1378900.0
19,10106.2998046875,39.87249755859375,1163.68994140625,8637859840.0,184192800.0,1556300.0
20,10221.099609375,39.98235321044922,1169.93994140625,8041160192.0,129915600.0,1538700.0
21,9170.5400390625,40.06593322753906,1167.699951171875,9959400448.0,188923200.0,2412100.0
22,8830.75,38.32746124267578,1111.9000244140625,12726899712.0,346375200.0,4857900.0
23,6955.27001953125,37.369876861572266,1055.800048828125,9285289984.0,290954000.0,3798300.0
24,7754.0,38.9316291809082,1080.5999755859375,13999800320.0,272975200.0,3448000.0
25,7621.2998046875,38.098209381103516,1048.5799560546875,9169280000.0,206434400.0,2369200.0
26,8265.58984375,37.04988098144531,1001.52001953125,9346750464.0,217562000.0,2859100.0
27,8736.98046875,37.503047943115234,1037.780029296875,6784820224.0,282690400.0,3505900.0
28,8926.5703125,39.01362609863281,1051.93994140625,6256439808.0,243278000.0,2057700.0
29,8598.3095703125,39.404449462890625,1052.0999755859375,5696719872.0,130196800.0,1265100.0
30,9494.6298828125,40.1309700012207,1069.699951171875,7909819904.0,162579600.0,1555800.0
31,10166.400390625,41.4785041809082,1089.52001953125,9062540288.0,204588800.0,1843400.0
32,10233.900390625,41.3442268371582,1094.800048828125,7296159744.0,160704400.0,1679500.0
33,11403.7001953125,41.20518112182617,1102.4599609375,9926540288.0,135722000.0,1423100.0
34,10690.400390625,41.01814651489258,1111.3399658203125,9405339648.0,149886400.0,1512900.0
35,10005.0,41.36101150512695,1106.6300048828125,8040079872.0,123967600.0,1317200.0
36,10301.099609375,42.08033752441406,1126.7900390625,7739500032.0,135249600.0,1261000.0
37,10366.7001953125,42.91234588623047,1143.75,7287690240.0,152648800.0,1559100.0
38,10725.599609375,42.773277282714844,1118.2900390625,6966179840.0,155712400.0,1774100.0
39,10397.900390625,42.70853805541992,1104.72998046875,6936189952.0,151128400.0,1882600.0
40,10951.0,41.960445404052734,1069.52001953125,7317279744.0,195208000.0,2515900.0
41,11086.400390625,42.25057601928711,1078.9200439453125,7620590080.0,153816000.0,2271600.0
42,11573.2998046875,42.396846771240234,1090.9300537109375,6468539904.0,113605600.0,1202200.0
43,10779.900390625,42.36087417602539,1095.06005859375,6832169984.0,95154000.0,1532800.0
44,9965.5703125,41.9676399230957,1109.6400146484375,8797910016.0,126814000.0,1292500.0
45,9395.009765625,42.42561340332031,1126.0,7186089984.0,95096400.0,1355100.0
46,9337.5498046875,43.15452575683594,1160.0400390625,8704190464.0,128740800.0,2128000.0
47,9205.1201171875,43.57172393798828,1164.5,6457399808.0,128828400.0,2172300.0
48,9194.849609375,43.15213394165039,1138.1700439453125,5991139840.0,126774000.0,1907200.0
49,8269.8095703125,42.785274505615234,1149.489990234375,6438230016.0,117473600.0,1291400.0
50,8300.8603515625,42.83563232421875,1149.5799560546875,6834429952.0,90975200.0,1395400.0
51,8338.349609375,42.68456268310547,1135.72998046875,5289379840.0,157618800.0,3092000.0
52,8630.650390625,42.032386779785156,1099.8199462890625,6729110016.0,133787200.0,2805900.0
53,8913.4697265625,42.018001556396484,1097.7099609375,6361789952.0,78597600.0,1831900.0
54,8929.2802734375,41.06609344482422,1090.8800048828125,6043129856.0,148219600.0,1878900.0
55,8728.4697265625,40.485836029052734,1049.0799560546875,5530390016.0,165963200.0,2667000.0
56,8879.6201171875,39.54832077026367,1021.5700073242188,5954120192.0,164115200.0,2156700.0
57,8209.400390625,41.42575454711914,1053.2099609375,5921039872.0,150164800.0,2665100.0
58,7833.0400390625,40.363555908203125,1005.0999755859375,5378250240.0,163690400.0,3095300.0
59,7954.47998046875,39.91757583618164,1004.5599975585938,4935289856.0,166674000.0,3369300.0
60,7165.7001953125,40.229286193847656,1031.7900390625,6361229824.0,153594000.0,2726800.0
61,7083.7998046875,39.96553039550781,1006.469970703125,4333440000.0,150347200.0,2680400.0
62,7456.10986328125,40.375545501708984,1013.4099731445312,5499700224.0,121112000.0,2275100.0
63,6853.83984375,41.14761734008789,1025.1400146484375,4936000000.0,138422000.0,2484700.0
64,6811.47021484375,41.43294906616211,1027.81005859375,5639320064.0,107732800.0,1363000.0
65,6636.31982421875,40.37314987182617,1007.0399780273438,3766810112.0,140021200.0,1746400.0
66,6770.72998046875,40.7735710144043,1015.4500122070312,4894060032.0,116070800.0,1751600.0
67,6834.759765625,41.54084777832031,1031.6400146484375,4272750080.0,113634400.0,1974500.0
68,6968.31982421875,41.34663009643555,1019.969970703125,4641889792.0,89726400.0,1483900.0
69,7889.25,41.75424575805664,1032.510009765625,8906250240.0,91557200.0,1357000.0
70,7895.9599609375,41.89570999145508,1029.27001953125,7764460032.0,100497200.0,1223000.0
71,8058.669921875,42.15707015991211,1037.97998046875,5631309824.0,86313600.0,1211200.0
72,7902.08984375,42.73731994628906,1074.1600341796875,6900879872.0,106421600.0,2320300.0
73,8163.419921875,42.64140701293945,1072.0799560546875,6529909760.0,83018000.0,1344100.0
74,8294.3095703125,41.43294906616211,1087.699951171875,7063209984.0,139235200.0,1747700.0
75,8845.830078125,39.735347747802734,1072.9599609375,8438110208.0,261964400.0,1889700.0
76,8930.8798828125,39.6202507019043,1067.449951171875,6925190144.0,146062000.0,2341300.0
77,9697.5,39.068782806396484,1019.97998046875,10678800384.0,134768000.0,4760300.0
78,8845.740234375,39.239009857177734,1021.1799926757812,11083100160.0,113528400.0,2391100.0
79,9281.509765625,39.37569046020508,1040.0400390625,8970559488.0,111852000.0,2079500.0
80,8987.0498046875,38.92011642456055,1030.050048828125,7566289920.0,142623200.0,1619800.0
81,9240.5498046875,39.62504959106445,1017.3300170898438,8673920000.0,169709600.0,1671300.0
82,9119.009765625,40.5457878112793,1037.31005859375,7713019904.0,214277600.0,1427900.0
83,9235.919921875,42.3369026184082,1024.3800048828125,7558159872.0,266157600.0,1603100.0
84,9743.8603515625,42.41362380981445,1023.719970703125,10207299584.0,136272800.0,1815100.0
85,9700.759765625,44.077659606933594,1048.2099609375,8217829888.0,224805200.0,1938700.0
86,9373.009765625,44.396549224853516,1054.7900390625,7394019840.0,169805600.0,1466100.0
87,9234.8203125,44.609954833984375,1053.9100341796875,7415869952.0,113611200.0,1217700.0
88,9325.1796875,44.92405319213867,1082.760009765625,7226890240.0,92844800.0,2032800.0
89,9043.9404296875,45.566654205322266,1097.5699462890625,6906699776.0,111957200.0,1443000.0
90,8441.490234375,45.39334487915039,1098.260009765625,8488520192.0,104848800.0,1253700.0
91,8716.7900390625,45.28743362426758,1100.199951171875,7364149760.0,83115200.0,1518100.0
92,8510.3798828125,44.875850677490234,1079.22998046875,6705710080.0,94780800.0,1494900.0
93,8368.830078125,45.29466247558594,1081.77001953125,6760220160.0,76732400.0,1097300.0
94,8094.31982421875,45.00822830200195,1078.5899658203125,5862530048.0,69176000.0,1043800.0
95,8250.9697265625,44.84455490112305,1066.3599853515625,5764190208.0,73190800.0,1565200.0
96,8418.990234375,45.16228485107422,1079.5799560546875,5154990080.0,73603200.0,1023200.0
97,8041.77978515625,45.049156188964844,1069.72998046875,5137010176.0,60962800.0,1090000.0
98,7557.81982421875,45.33798599243164,1079.68994140625,6491120128.0,80233600.0,1060700.0
99,7587.33984375,45.28743362426758,1079.239990234375,6049220096.0,92936000.0,766800.0
100,7480.14013671875,45.39094161987305,1075.6600341796875,4867829760.0,69844000.0,899400.0
101,7472.58984375,45.22726821899414,1060.3199462890625,5662660096.0,90056400.0,1865100.0
102,7406.52001953125,45.1309814453125,1067.800048828125,4922540032.0,74762000.0,1138500.0
103,7494.169921875,44.979347229003906,1084.989990234375,5127130112.0,109931200.0,3088300.0
104,7541.4501953125,45.790504455566406,1119.5,4921460224.0,93770000.0,2421600.0
105,7514.47021484375,46.1732177734375,1139.2900390625,4993169920.0,105064800.0,1889600.0
106,7633.759765625,46.529449462890625,1139.6600341796875,4961739776.0,86264000.0,1678000.0
107,7653.97998046875,46.690711975097656,1136.8800048828125,4692259840.0,83734400.0,1698200.0
108,7678.240234375,46.565547943115234,1123.8599853515625,4485799936.0,85388800.0,1520000.0
109,7624.919921875,46.14191818237305,1120.8699951171875,4227579904.0,106627200.0,1290800.0
110,6906.919921875,46.0287971496582,1129.989990234375,4745269760.0,73234000.0,1079300.0
111,6582.35986328125,46.28152084350586,1139.3199462890625,4654380032.0,67644400.0,912000.0
112,6349.89990234375,45.90122604370117,1134.7900390625,5052349952.0,86553600.0,1506400.0
113,6675.35009765625,45.92530059814453,1152.1199951171875,5138710016.0,86440400.0,1343400.0
114,6456.580078125,45.45351791381836,1152.260009765625,3955389952.0,246876800.0,2122500.0
115,6734.81982421875,45.4294548034668,1173.4599609375,4039200000.0,73939600.0,1413700.0
116,6769.93994140625,44.69532775878906,1168.06005859375,4057029888.0,134314000.0,1621000.0
117,6776.5498046875,44.890289306640625,1169.8399658203125,3888640000.0,82514800.0,1648500.0
118,6729.740234375,44.63996505737305,1157.6600341796875,3529129984.0,102847600.0,1238100.0
119,6083.68994140625,44.509986877441406,1155.47998046875,5079810048.0,108801600.0,1311000.0
120,6249.18017578125,43.84806823730469,1124.81005859375,5500810240.0,126652400.0,2157300.0
121,6093.669921875,44.39204406738281,1118.4599609375,3279759872.0,98276800.0,1563200.0
122,6157.1298828125,44.32705307006836,1103.97998046875,3296219904.0,101141200.0,1293900.0
123,5903.43994140625,44.64959716796875,1114.219970703125,3467800064.0,69460800.0,1072400.0
124,6218.2998046875,44.55571746826172,1115.6500244140625,3966230016.0,90950800.0,1315100.0
125,6614.18017578125,45.053958892822266,1127.4599609375,4396930048.0,70925200.0,1217300.0
126,6529.58984375,44.26927947998047,1102.8900146484375,4672309760.0,55819200.0,679000.0
127,6639.14013671875,44.62551498413086,1124.27001953125,4999240192.0,66416800.0,1066700.0
128,6673.5,45.24411392211914,1140.1700439453125,4313959936.0,69940800.0,996100.0
129,6741.75,45.87234115600586,1154.050048828125,3718129920.0,79026400.0,909000.0
130,6329.9501953125,45.81697463989258,1152.8399658203125,4052430080.0,63756400.0,798400.0
131,6394.7099609375,45.22245407104492,1153.9000244140625,3644859904.0,75326000.0,1120000.0
132,6228.81005859375,45.98065185546875,1183.47998046875,3770170112.0,72164400.0,1251900.0
133,6238.0498046875,46.05286407470703,1188.8199462890625,3805400064.0,50055600.0,1221900.0
134,6741.75,45.9517707824707,1183.8599853515625,4725799936.0,60172400.0,1055700.0
135,7321.0400390625,46.08174514770508,1198.800048828125,5961950208.0,62138000.0,1610400.0
136,7370.77978515625,45.82902145385742,1195.8800048828125,6103410176.0,65573600.0,1393600.0
137,7466.85986328125,46.18525314331055,1186.9599609375,5111629824.0,81147200.0,1276700.0
138,7354.1298828125,46.079345703125,1184.9100341796875,4936869888.0,82704800.0,1247400.0
139,7711.10986328125,46.12025833129883,1205.5,5132480000.0,63957600.0,2619200.0
140,8424.26953125,46.45482635498047,1248.0799560546875,7277689856.0,74791600.0,3318200.0
141,8181.39013671875,46.89290237426758,1263.699951171875,5845400064.0,66839600.0,2127800.0
142,7951.580078125,46.7460823059082,1268.3299560546875,4899089920.0,76304000.0,2405600.0
143,8165.009765625,45.96862030029297,1238.5,5195879936.0,96096000.0,2130600.0
144,8180.47998046875,45.7110710144043,1219.739990234375,5551400000.0,84118000.0,1849900.0
145,7780.43994140625,45.802528381347656,1217.260009765625,5287530000.0,157492000.0,1644700.0
146,7624.91015625,48.50076675415039,1220.010009765625,4797620000.0,271742800.0,1567200.0
147,7567.14990234375,49.91848373413086,1226.1500244140625,4214110000.0,249616000.0,1531300.0
148,7434.39013671875,50.06290054321289,1223.7099609375,4627150000.0,133789600.0,1089600.0
149,6951.7998046875,50.32285690307617,1224.77001953125,3925900000.0,101701600.0,1081700.0
150,6753.1201171875,49.85108947753906,1242.219970703125,4682800000.0,102349600.0,1494000.0
151,6305.7998046875,49.88479232788086,1245.6099853515625,5064430000.0,90102000.0,1370300.0
152,6568.22998046875,50.277122497558594,1249.0999755859375,4267040000.0,93970400.0,848600.0
153,6184.7099609375,50.12736129760742,1237.6099853515625,4528680000.0,98444800.0,1108700.0
154,6297.56982421875,50.45103454589844,1235.010009765625,4083980000.0,103563600.0,997300.0
155,6199.7099609375,50.66359329223633,1242.0999755859375,5301700000.0,82992000.0,1348100.0
156,6308.52001953125,50.78194808959961,1214.3800048828125,4895450000.0,115230400.0,1828800.0
157,6334.72998046875,51.52589797973633,1206.489990234375,4328420000.0,114001600.0,1343200.0
158,6580.6298828125,52.554874420166016,1200.9599609375,4992990000.0,141708000.0,1389600.0
159,6308.52978515625,52.042808532714844,1207.77001953125,3665100000.0,121150800.0,870800.0
160,6488.759765625,51.941349029541016,1201.6199951171875,3377180000.0,104639200.0,1205600.0
161,6376.7099609375,51.94376754760742,1207.3299560546875,4668110000.0,76072400.0,887400.0
162,6534.8798828125,52.050045013427734,1205.3800048828125,3426180000.0,75532800.0,992600.0
163,6719.9599609375,52.211883544921875,1220.6500244140625,4097820000.0,73905600.0,946600.0
164,6884.64013671875,52.64182662963867,1241.8199462890625,4019000000.0,82100400.0,1156300.0
165,7096.27978515625,53.06693649291992,1231.1500244140625,4659940000.0,91107200.0,1304000.0
166,7047.16015625,53.859195709228516,1249.300048828125,4145880000.0,109019200.0,1298900.0
167,6978.22998046875,54.3543701171875,1239.1199951171875,4463250000.0,195175200.0,1331400.0
168,7037.580078125,54.98237991333008,1218.18994140625,4495650000.0,173360400.0,1816400.0
169,7361.66015625,55.1587028503418,1197.0,4273640000.0,109560400.0,1831000.0
170,6792.830078125,54.79880142211914,1186.47998046875,5800460000.0,133332000.0,2061300.0
171,6529.169921875,53.888187408447266,1171.43994140625,5523470000.0,137160000.0,1888500.0
172,6467.06982421875,53.453407287597656,1164.8299560546875,4264680000.0,150479200.0,1401300.0
173,6329.7001953125,52.73603439331055,1164.6400146484375,3714100000.0,158066000.0,1115400.0
174,6321.2001953125,54.06935119628906,1177.3599853515625,3849910000.0,142996000.0,1209300.0
175,6351.7998046875,53.397857666015625,1162.8199462890625,4064230000.0,197114800.0,1295500.0
176,6517.31005859375,54.68769454956055,1175.3299560546875,4210910000.0,166825600.0,1431200.0
177,6512.7099609375,54.066932678222656,1172.530029296875,4076220000.0,127997200.0,944000.0
178,6281.2001953125,52.627342224121094,1156.050048828125,3910780000.0,148780400.0,1306500.0
179,6371.2998046875,52.714290618896484,1161.219970703125,4180090000.0,126286800.0,1203600.0
180,6398.5400390625,52.745689392089844,1171.0899658203125,4431340000.0,108495200.0,1191400.0
181,6519.669921875,53.14664840698242,1186.8699951171875,4348110000.0,106435200.0,1225400.0
182,6734.9501953125,52.574195861816406,1166.0899658203125,6531940000.0,384986800.0,4405600.0
183,6595.41015625,53.330230712890625,1173.3699951171875,4177310000.0,110773600.0,1271000.0
184,6446.47021484375,53.668392181396484,1184.6500244140625,4726180000.0,98217600.0,977700.0
185,6495.0,53.24085998535156,1180.489990234375,4437300000.0,95938800.0,1462300.0
186,6676.75,54.335044860839844,1194.6400146484375,4606810000.0,120724800.0,1260800.0
187,6644.1298828125,54.52585983276367,1193.469970703125,5014430000.0,91717600.0,1380600.0
188,6589.6201171875,54.893009185791016,1195.31005859375,4000970000.0,94403200.0,1357600.0
189,6556.10009765625,55.38092041015625,1200.1099853515625,3979260000.0,99152800.0,1687900.0
190,6502.58984375,56.05482482910156,1202.949951171875,3887310000.0,114619200.0,1256200.0
191,6576.68994140625,55.069332122802734,1168.18994140625,3838410000.0,128168000.0,2209500.0
192,6622.47998046875,54.175621032714844,1157.3499755859375,3671500000.0,134322000.0,1184300.0
193,6652.22998046875,54.05002212524414,1148.969970703125,3979460000.0,118655600.0,1932400.0
194,6642.64013671875,54.79880142211914,1138.8199462890625,3580810000.0,107564000.0,1308700.0
195,6585.52978515625,52.260189056396484,1081.219970703125,3787650000.0,167962400.0,2675700.0
196,6256.240234375,51.7988395690918,1079.3199462890625,5181640000.0,212497600.0,2949000.0
197,6274.580078125,53.649070739746094,1110.0799560546875,3783500000.0,161351600.0,2101300.0
198,6596.5400390625,52.501739501953125,1092.25,7370770000.0,123164000.0,1372400.0
199,6596.10986328125,53.658721923828125,1121.280029296875,4074800000.0,116736000.0,1928500.0
200,6544.43017578125,53.42684555053711,1115.68994140625,4088420000.0,91541600.0,1467200.0
201,6476.7099609375,52.17806625366211,1087.969970703125,3924080000.0,130325200.0,2094500.0
202,6465.41015625,52.97273635864258,1096.4599609375,3578870000.0,132314800.0,1267600.0
203,6487.16015625,53.29640579223633,1101.1600341796875,3672860000.0,115168400.0,1514200.0
204,6475.740234375,53.7988166809082,1103.68994140625,3716150000.0,155071200.0,1848700.0
205,6495.83984375,51.95343017578125,1050.7099609375,3424670000.0,163702000.0,1982400.0
206,6476.2900390625,53.09109878540039,1095.5699462890625,3230550000.0,119423200.0,2545800.0
207,6474.75,52.24570083618164,1071.469970703125,3306050000.0,189033600.0,4187600.0
208,6332.6298828125,51.26502990722656,1020.0800170898438,4199910000.0,183742000.0,3880700.0
209,6334.27001953125,51.52106857299805,1036.2099609375,3781100000.0,146640000.0,3212700.0
210,6317.60986328125,52.86404800415039,1076.77001953125,4191240000.0,153435600.0,2529800.0
211,6377.77978515625,53.675628662109375,1070.0,3789400000.0,233292800.0,1482000.0
212,6388.43994140625,50.115291595458984,1057.7900390625,4234870000.0,365314800.0,1839000.0
213,6419.66015625,48.692604064941406,1040.0899658203125,4174800000.0,264654800.0,2441400.0
214,6461.009765625,49.219173431396484,1055.81005859375,4700040000.0,127531600.0,1233300.0
215,6530.14013671875,50.7119026184082,1093.3900146484375,4941260000.0,133697600.0,2058400.0
216,6453.72021484375,50.53496170043945,1082.4000244140625,4665260000.0,101450400.0,1488200.0
217,6385.6201171875,49.56057357788086,1066.1500244140625,4346820000.0,137463200.0,1343200.0
218,6371.27001953125,47.063995361328125,1038.6300048828125,4295770000.0,204542000.0,1471800.0
219,6359.490234375,46.593772888183594,1036.050048828125,4503800000.0,187531600.0,1513700.0
220,5738.35009765625,45.277626037597656,1043.6600341796875,7398940000.0,243204000.0,1565900.0
221,5648.02978515625,46.39501953125,1064.7099609375,7032140000.0,185915200.0,1836100.0
222,5575.5498046875,46.90887451171875,1061.489990234375,5279320000.0,147713200.0,1658100.0
223,4871.490234375,45.049781799316406,1020.0,7039560000.0,167701200.0,1858600.0
224,4451.8701171875,42.89738845825195,1025.760009765625,8428290000.0,271300800.0,2449100.0
225,4602.169921875,42.84891891479492,1037.6099853515625,6120120000.0,124496800.0,1534300.0
226,4347.10986328125,41.7606086730957,1023.8800048828125,4871490000.0,94496000.0,691500.0
227,3779.1298828125,42.32536315917969,1048.6199951171875,6476900000.0,179994000.0,1942800.0
228,3820.719970703125,42.23325729370117,1044.4100341796875,5998720000.0,165549600.0,1803200.0
229,4257.419921875,43.857242584228516,1086.22998046875,7280280000.0,184250000.0,2475400.0
230,4278.8466796875,43.52032470703125,1088.300048828125,6503347767.0,167080000.0,1468900.0
231,4017.2685546875,43.28520584106445,1094.4300537109375,6048016717.0,158126000.0,2580200.0
232,3894.130859375,44.797698974609375,1106.4300537109375,5089570994.0,163210000.0,1991200.0
233,3956.893798828125,42.82709884643555,1050.8199462890625,5028069239.0,165377200.0,2345200.0
234,3521.101806640625,42.34960174560547,1068.72998046875,5878333109.0,172393600.0,2769200.0
235,3419.937255859375,40.839542388916016,1036.5799560546875,6835615448.0,169126400.0,2101200.0
236,3502.656005859375,41.10859680175781,1039.550048828125,5020968740.0,248104000.0,1807700.0
237,3424.588134765625,40.87347412109375,1051.75,4696765188.0,189126800.0,1394700.0
238,3486.9501953125,40.98740005493164,1063.6800537109375,4139364829.0,142510800.0,1523800.0
239,3313.67724609375,41.43581008911133,1061.9000244140625,4343372456.0,127594400.0,1329800.0
240,3242.48486328125,40.10995864868164,1042.0999755859375,4372763663.0,162814800.0,1686600.0
241,3545.86474609375,39.73668670654297,1016.530029296875,5409247918.0,177151600.0,2385400.0
242,3696.05908203125,40.25297164916992,1028.7099609375,5911325473.0,135366000.0,2192500.0
243,3745.95068359375,38.99740982055664,1023.010009765625,6810689119.0,196189200.0,2479300.0
244,4134.44140625,38.01332092285156,1009.4099731445312,8927129279.0,259092000.0,2673500.0
245,3896.543701171875,36.53477478027344,979.5399780273438,7206015706.0,382978400.0,4596000.0
246,4078.59912109375,35.5894660949707,976.219970703125,7240968501.0,148676800.0,1590300.0
247,3857.297607421875,38.09572982788086,1039.4599609375,5326547918.0,234330000.0,2373300.0
248,3654.83349609375,37.8484992980957,1043.8800048828125,5130222366.0,212468400.0,2109800.0
249,3923.918701171875,37.867889404296875,1037.0799560546875,5631554348.0,169165600.0,1414800.0
250,3742.700439453125,38.2338981628418,1035.6099853515625,4661840806.0,140014000.0,1493300.0
251,3943.409423828125,38.277530670166016,1045.8499755859375,5244856836.0,148158800.0,1532600.0
252,3836.7412109375,34.464805603027344,1016.0599975585938,4530215219.0,365248800.0,1841100.0
253,3857.717529296875,35.936073303222656,1070.7099609375,4847965467.0,234428400.0,2093900.0
254,4025.248291015625,35.85609436035156,1068.3900146484375,5228625637.0,219111200.0,1981900.0
255,4030.847900390625,36.53962707519531,1076.280029296875,5306593305.0,164101200.0,1764900.0
256,4035.29638671875,37.160133361816406,1074.6600341796875,5115905225.0,180396400.0,1199300.0
257,3678.924560546875,37.278892517089844,1070.3299560546875,6874143796.0,143122800.0,1456400.0
258,3687.365478515625,36.91289138793945,1057.18994140625,5538712865.0,108092800.0,1520800.0
259,3706.05224609375,36.35783386230469,1044.68994140625,5651384490.0,129756800.0,1144300.0
260,3630.67529296875,37.101959228515625,1077.1500244140625,5537192302.0,114843600.0,1463600.0
261,3655.0068359375,37.555213928222656,1080.969970703125,5394457145.0,122278800.0,1331800.0
262,3678.56396484375,37.778202056884766,1089.9000244140625,5464420383.0,119284800.0,1242700.0
263,3657.83935546875,38.010902404785156,1098.260009765625,5002961727.0,135004000.0,1955600.0
264,3604.5771484375,37.157711029052734,1070.52001953125,5313623556.0,121576000.0,1613500.0
265,3585.123046875,37.3079833984375,1075.5699462890625,5433755649.0,92522400.0,967000.0
266,3600.865478515625,37.012271881103516,1073.9000244140625,5262869046.0,101766000.0,1361300.0
267,3599.765869140625,38.238739013671875,1090.989990234375,5265847539.0,134142000.0,1119100.0
268,3470.450439453125,37.884864807128906,1070.0799560546875,6908930483.0,104768400.0,1284300.0
269,3448.116943359375,37.492191314697266,1060.6199951171875,5897159493.0,166348800.0,1021800.0
270,3486.181640625,40.0542106628418,1089.06005859375,5955112627.0,244439200.0,1279800.0
271,3457.792724609375,40.342647552490234,1116.3699951171875,5831198271.0,162958400.0,1538300.0
272,3487.9453125,40.362037658691406,1110.75,5422926707.0,130672400.0,1462200.0
273,3459.154052734375,41.508522033691406,1132.800048828125,5332718886.0,125982000.0,2576500.0
274,3466.357421875,42.218711853027344,1145.989990234375,5227549545.0,144406400.0,3552200.0
275,3413.767822265625,42.23325729370117,1115.22998046875,5482196038.0,112958400.0,2105600.0
276,3399.4716796875,41.43338394165039,1098.7099609375,5004962683.0,126966800.0,2044800.0
277,3666.7802734375,41.4820671081543,1095.06005859375,7735623101.0,95280000.0,1075800.0
278,3648.4306640625,41.243507385253906,1095.010009765625,6277056434.0,83973600.0,1065200.0
279,3653.528564453125,41.598907470703125,1121.3699951171875,6480384532.0,89134000.0,1609100.0
280,3632.070556640625,41.42607879638672,1120.1600341796875,6438903823.0,89960800.0,1049800.0
281,3616.880859375,41.57700729370117,1121.6700439453125,6271044418.0,87342800.0,947600.0
282,3620.810791015625,41.4844970703125,1113.6500244140625,6091952231.0,98507200.0,1449800.0
283,3947.094482421875,41.60865020751953,1118.56005859375,9933626655.0,75891200.0,1046400.0
284,3999.820556640625,41.87641525268555,1113.800048828125,8693373948.0,104457600.0,1087800.0
285,3954.1181640625,41.640296936035156,1096.969970703125,7775128102.0,68998800.0,1415100.0
286,4005.526611328125,42.1052360534668,1110.3699951171875,7826525254.0,75652800.0,1049500.0
287,3882.6962890625,42.411949157714844,1109.4000244140625,9318796067.0,87493600.0,1413100.0
288,3854.35791015625,42.4362907409668,1115.1300048828125,7931218996.0,68280800.0,1471300.0
289,3851.04736328125,42.567745208740234,1116.050048828125,8301309684.0,111341600.0,968400.0
290,3854.785400390625,42.1490478515625,1119.9200439453125,8399767798.0,112861600.0,1542500.0
291,3859.583740234375,42.59208679199219,1140.989990234375,7661247975.0,103544800.0,1450300.0
292,3761.55712890625,42.80630111694336,1147.800048828125,9029175788.0,109744800.0,1446000.0
293,3896.375,42.7284049987793,1162.030029296875,10174126415.0,78949600.0,1443200.0
294,3903.942626953125,42.482547760009766,1157.8599853515625,9175291529.0,83241600.0,1099300.0
295,3911.484375,41.99082565307617,1143.300048828125,9584165519.0,99185600.0,1166600.0
296,3901.131591796875,42.09062576293945,1142.3199462890625,10638638944.0,95997600.0,1212400.0
297,3905.227294921875,43.548744201660156,1175.760009765625,10125901903.0,128044000.0,1719200.0
298,3909.15625,44.03803253173828,1193.199951171875,9809887079.0,129870400.0,2013100.0
299,3906.71728515625,44.23277282714844,1193.3199462890625,9469184841.0,124130000.0,1435900.0
300,3924.369140625,44.724491119384766,1185.550048828125,10480789570.0,94318000.0,1172800.0
301,3960.9111328125,45.3062744140625,1184.4599609375,9394210605.0,156171600.0,2461800.0
302,4032.50732421875,45.7687873840332,1184.260009765625,9646954186.0,104879200.0,1292600.0
303,4071.190185546875,45.40607452392578,1198.8499755859375,9344919956.0,126585600.0,1520700.0
304,4087.476318359375,45.8028678894043,1223.969970703125,10175916388.0,124140800.0,2227400.0
305,4029.326904296875,47.48979949951172,1231.5400390625,10831212662.0,204136800.0,1204000.0
306,4023.96826171875,46.50636291503906,1205.5,9252935969.0,169630800.0,1714200.0
307,3963.070556640625,45.94404983520508,1193.0,10359818883.0,175381200.0,1496800.0
308,3985.080810546875,45.4693717956543,1184.6199951171875,10707678815.0,199202000.0,1901200.0
309,4087.066162109375,45.878326416015625,1173.02001953125,10897131934.0,119393600.0,1400200.0
310,4069.107177734375,45.93918228149414,1168.489990234375,9353915899.0,83121600.0,961700.0
311,4098.37451171875,46.23859405517578,1173.31005859375,10918665557.0,94256000.0,1269900.0
312,4158.18310546875,46.552616119384766,1194.4300537109375,10157794171.0,111448000.0,1252500.0
313,4879.8779296875,47.22933578491211,1200.489990234375,21315047816.0,91062800.0,827900.0
314,4973.02197265625,47.55309295654297,1205.9200439453125,22899891582.0,93087200.0,1014300.0
315,4922.798828125,47.63585662841797,1215.0,18251810240.0,76457200.0,950000.0
316,5036.68115234375,47.95474624633789,1207.1500244140625,16837325387.0,74106400.0,907200.0
317,5289.77099609375,48.70935821533203,1203.8399658203125,17154113634.0,103526800.0,860200.0
318,5204.95849609375,48.56330108642578,1197.25,14722104361.0,143072800.0,876400.0
319,5324.5517578125,48.8359375,1202.1600341796875,15504590933.0,86781200.0,724600.0
320,5064.48779296875,48.429420471191406,1204.6199951171875,16555616019.0,83603200.0,710200.0
321,5089.5390625,48.40994644165039,1217.8699951171875,13675206312.0,111042800.0,933400.0
322,5067.1083984375,48.49757766723633,1221.0999755859375,12290155061.0,70146400.0,1187400.0
323,5235.5595703125,48.502445220947266,1227.1300048828125,11618660197.0,102785600.0,856300.0
324,5251.93798828125,49.44694519042969,1236.3399658203125,12438480677.0,115627200.0,1221900.0
325,5298.3857421875,49.62464141845703,1236.3699951171875,13256489918.0,96783200.0,1331800.0
326,5399.365234375,49.78772735595703,1248.8399658203125,14601631648.0,77758000.0,807300.0
327,5572.3623046875,50.505836486816406,1264.550048828125,15867308108.0,93292000.0,1319900.0
328,5464.86669921875,50.427947998046875,1256.0,17048033399.0,70162400.0,1018800.0
329,5210.515625,49.97030258178711,1263.449951171875,15330283408.0,74172800.0,1107300.0
330,5279.34814453125,49.73174285888672,1272.1800537109375,16812108040.0,74596400.0,1241400.0
331,5247.3525390625,49.80720520019531,1287.5799560546875,13735490672.0,88818800.0,2499400.0
332,5350.7265625,48.848106384277344,1188.47998046875,13878964574.0,186139600.0,6207000.0
333,5402.697265625,51.24584197998047,1168.0799560546875,13679528236.0,259309200.0,2639200.0
334,5505.28369140625,50.912357330322266,1162.6099853515625,14644460907.0,127985200.0,1944800.0
335,5768.28955078125,51.54526138305664,1185.4000244140625,18720780006.0,83569600.0,1980700.0
336,5746.80712890625,50.749267578125,1189.3900146484375,15737171804.0,129772400.0,1563900.0
337,5829.50146484375,49.38121032714844,1174.0999755859375,18026409033.0,155054800.0,1551400.0
338,5982.45751953125,49.39094924926758,1166.27001953125,15320605300.0,105358000.0,1309300.0
339,6174.52880859375,48.86028289794922,1162.3800048828125,16784645411.0,139634400.0,1185700.0
340,6378.84912109375,48.18339920043945,1164.27001953125,19419875368.0,164834800.0,1314500.0
341,7814.9150390625,45.38300323486328,1132.030029296875,28677672181.0,229722400.0,1860600.0
342,7994.416015625,46.1014289855957,1120.43994140625,32031452227.0,146118800.0,1836600.0
343,8205.16796875,46.65369415283203,1164.2099609375,28344112920.0,106178800.0,2289300.0
344,7884.9091796875,46.44842529296875,1178.97998046875,33167197581.0,132125600.0,1531400.0
345,7343.8955078125,46.184513092041016,1162.300048828125,30066644905.0,131516400.0,1208600.0
346,7978.30908203125,44.740333557128906,1138.8499755859375,23843404340.0,154449200.0,1353300.0
347,7963.32763671875,45.59804153442383,1149.6300048828125,25127245056.0,113459200.0,1159800.0
348,7680.06640625,44.66457748413086,1151.4200439453125,24719473175.0,118994400.0,914500.0
349,7881.8466796875,43.90217208862305,1140.77001953125,24457107820.0,146118800.0,1198900.0
350,7987.37158203125,43.733558654785156,1133.469970703125,25919126991.0,94858800.0,1112000.0
351,8719.9619140625,43.552730560302734,1134.1500244140625,24226919267.0,111792800.0,1365000.0
352,8659.4873046875,43.34502410888672,1116.4599609375,23473479966.0,113924800.0,1538200.0
353,8319.47265625,43.56984329223633,1117.949951171875,29246528551.0,84873600.0,951900.0
354,8574.501953125,42.780548095703125,1103.6300048828125,25365190957.0,108174400.0,1507800.0
355,8208.9951171875,42.34803009033203,1036.22998046875,22004511436.0,161584400.0,5130600.0
356,7707.77099609375,43.897281646728516,1053.050048828125,24609731549.0,123872000.0,2833500.0
357,7824.2314453125,44.60593032836914,1042.219970703125,21760923463.0,119093600.0,2168400.0
358,7822.0234375,45.26082229614258,1044.3399658203125,19474611077.0,90105200.0,1703200.0
359,8043.951171875,46.46553421020508,1066.0400390625,19141423231.0,122737600.0,1802400.0
360,8000.32958984375,47.05933380126953,1080.3800048828125,18689275117.0,104883600.0,1464200.0
361,7927.71435546875,47.60425567626953,1078.719970703125,17107279932.0,107731600.0,1436700.0
362,8145.857421875,47.4527587890625,1077.030029296875,19034432883.0,73012800.0,1061000.0
363,8230.923828125,47.44297409057617,1088.77001953125,18669407147.0,86698400.0,1057700.0
364,8693.8330078125,47.09843444824219,1085.3499755859375,19831162906.0,75046000.0,1111500.0
365,9320.3525390625,47.37944793701172,1092.5,15562951919.0,58676400.0,941600.0
366,9081.7626953125,48.49374008178711,1103.5999755859375,15848210536.0,106204000.0,1386700.0
367,9273.521484375,48.35200500488281,1102.3299560546875,15546809946.0,84496800.0,1338800.0
368,9527.16015625,48.74054718017578,1111.4200439453125,17846823784.0,86056000.0,1262000.0
369,10144.556640625,48.57438278198242,1121.8800048828125,20624008643.0,191202400.0,1947600.0
370,11011.1025390625,48.5255126953125,1115.52001953125,19271652365.0,72881600.0,1395600.0
371,11790.9169921875,47.78997802734375,1086.3499755859375,24879684533.0,84281200.0,1546900.0
372,13016.2314453125,48.823631286621094,1079.800048828125,45105733173.0,104270000.0,1810900.0
373,11182.806640625,48.80896759033203,1076.010009765625,39977475223.0,83598800.0,1004300.0
374,12407.33203125,48.36422348022461,1080.9100341796875,35087757766.0,124442400.0,1693200.0
375,10583.134765625,49.25126266479492,1097.949951171875,29378589324.0,109012000.0,1436300.0
376,10801.677734375,49.53961181640625,1111.25,31015895223.0,67740800.0,991600.0
377,11961.26953125,49.95014953613281,1121.5799560546875,30796494294.0,45448000.0,767000.0
378,10978.4599609375,49.906150817871094,1131.5899658203125,23838480210.0,69062000.0,1264300.0
379,12285.9580078125,48.87739181518555,1116.3499755859375,23482551458.0,101354400.0,1236400.0
380,12573.8125,49.17551803588867,1124.8299560546875,28167921523.0,82312000.0,1330400.0
381,12156.5126953125,49.66178894042969,1140.47998046875,33627574244.0,71588400.0,1209500.0
382,11358.662109375,49.30012512207031,1144.2099609375,28595327690.0,80767200.0,1195500.0
383,11815.986328125,49.678897857666016,1144.9000244140625,23534692797.0,70380800.0,864000.0
384,10895.08984375,50.14563751220703,1150.3399658203125,25384047207.0,67789600.0,903800.0
385,9477.6416015625,49.972137451171875,1153.5799560546875,24151199070.0,67467200.0,1238800.0
386,9693.802734375,49.69111633300781,1146.3499755859375,24569921549.0,56430000.0,1170000.0
387,10666.482421875,50.2556037902832,1146.3299560546875,25187024648.0,74162400.0,1290700.0
388,10530.732421875,49.50540542602539,1130.0999755859375,20727426310.0,83717200.0,1647200.0
389,10343.1064453125,50.63679885864258,1138.0699462890625,16334414913.0,89111600.0,1301500.0
390,9900.767578125,51.03267288208008,1146.2099609375,17851916995.0,73420800.0,1093700.0
391,9811.92578125,50.991127014160156,1137.81005859375,17398734322.0,59966400.0,1589800.0
392,9911.841796875,50.58793258666992,1132.1199951171875,15821952090.0,55638400.0,2209800.0
393,9870.3037109375,50.76386642456055,1250.4100341796875,14495714483.0,70475600.0,4805800.0
394,9519.1455078125,51.2379264831543,1239.4100341796875,13791445323.0,86693600.0,2223700.0
395,9607.423828125,51.018009185791016,1225.1400146484375,13829811132.0,135742800.0,1453300.0
396,10085.6279296875,52.058990478515625,1216.6800537109375,16631520648.0,277125600.0,1725500.0
397,10399.6689453125,50.93247604370117,1209.010009765625,17165337858.0,216071600.0,1698500.0
398,10518.1748046875,49.854835510253906,1193.989990234375,17489094082.0,163448400.0,1645100.0
399,11805.6533203125,47.24504470825195,1152.3199462890625,23875988832.0,209572000.0,2597500.0
400,11478.1689453125,48.1394157409668,1169.949951171875,23635107660.0,143299200.0,1709400.0
401,11941.96875,48.63791275024414,1173.989990234375,22194988641.0,133457600.0,1444300.0
402,11966.4072265625,49.710670471191406,1204.800048828125,19481591730.0,108038000.0,1468000.0
403,11862.9365234375,49.3010368347168,1188.010009765625,18339989960.0,98478800.0,1065700.0
404,11382.6162109375,49.17592239379883,1174.7099609375,13647198229.0,89927600.0,1003000.0
405,10895.830078125,51.258453369140625,1197.27001953125,16681503537.0,188874000.0,1294400.0
406,10051.7041015625,49.732730865478516,1164.2900390625,19990838300.0,146189600.0,1578700.0
407,10311.5458984375,49.48499298095703,1167.260009765625,22899115082.0,108909600.0,1218700.0
408,10374.3388671875,50.65258026123047,1177.5999755859375,20228207096.0,110481600.0,1313300.0
409,10916.0537109375,51.596954345703125,1198.449951171875,16038264603.0,97654400.0,1231600.0
410,10763.232421875,51.599403381347656,1182.68994140625,15053082175.0,107537200.0,915500.0
411,10138.0498046875,52.158668518066406,1191.25,19473084768.0,86141600.0,740700.0
412,10131.0556640625,52.11452102661133,1189.530029296875,17097508856.0,89014800.0,947500.0
413,10407.96484375,49.70575714111328,1151.2900390625,15627023886.0,187272000.0,1687000.0
414,10370.8203125,50.65013122558594,1168.8900146484375,18438654080.0,104174400.0,1226100.0
415,10185.5,50.0786018371582,1167.8399658203125,14762609503.0,103493200.0,1077200.0
416,9754.4228515625,50.414649963378906,1171.02001953125,17603790323.0,63755200.0,802000.0
417,9510.2001953125,51.26826858520508,1192.8499755859375,17045878501.0,83962000.0,1088400.0
418,9598.173828125,51.20203399658203,1188.0999755859375,13595263986.0,84573600.0,1129800.0
419,10623.5400390625,50.45635223388672,1168.3900146484375,19384917989.0,80092000.0,1479900.0
420,10594.4931640625,51.312416076660156,1181.4100341796875,16742664769.0,76752400.0,1068900.0
421,10575.533203125,52.31565475463867,1211.3800048828125,14551239508.0,95654800.0,1408100.0
422,10353.302734375,52.31074905395508,1204.9300537109375,19536574783.0,77449200.0,1072100.0
423,10334.974609375,52.53396224975586,1204.4100341796875,17595943368.0,109237600.0,1471900.0
424,10115.9755859375,53.154544830322266,1206.0,14906809639.0,127111600.0,1260100.0
425,10178.3720703125,54.8446044921875,1220.1700439453125,15428063426.0,177158400.0,1307000.0
426,10410.126953125,54.72195816040039,1234.25,15323563925.0,128906800.0,1725900.0
427,10360.546875,53.65739822387695,1239.56005859375,14109864675.0,159053200.0,1301400.0
428,10276.7939453125,53.939476013183594,1231.300048828125,15160167779.0,84632400.0,1053300.0
429,10241.2724609375,54.135711669921875,1229.1500244140625,15304603363.0,73274800.0,955100.0
430,10198.248046875,54.643470764160156,1232.4100341796875,16169268880.0,101360000.0,1135100.0
431,10266.4150390625,54.199493408203125,1238.7099609375,19937691247.0,88242400.0,996000.0
432,10181.6416015625,53.407196044921875,1229.9300537109375,14734189639.0,221652400.0,2270000.0
433,9729.32421875,53.6500358581543,1234.030029296875,15144925408.0,76662000.0,1062400.0
434,8620.56640625,53.394927978515625,1218.760009765625,25002886689.0,124763200.0,1583200.0
435,8486.9931640625,54.21665573120117,1246.52001953125,21744728353.0,87613600.0,1453000.0
436,8118.9677734375,53.9370231628418,1241.3900146484375,19258205289.0,75334000.0,1538000.0
437,8251.845703125,53.67456817626953,1225.0899658203125,16408941156.0,101408000.0,1353900.0
438,8293.8681640625,54.93781661987305,1219.0,17115474183.0,103909600.0,1404100.0
439,8343.2763671875,55.08989715576172,1205.0999755859375,15305343413.0,139223200.0,1273500.0
440,8393.0419921875,53.70891189575195,1176.6300048828125,13125712443.0,138449200.0,1615100.0
441,8259.9921875,54.16515350341797,1187.8299560546875,13668823409.0,114426000.0,1621200.0
442,8205.939453125,55.683502197265625,1209.0,13139456229.0,138478800.0,1162400.0
443,8245.623046875,55.695762634277344,1207.6800537109375,18009742607.0,122306000.0,842900.0
444,8228.783203125,55.04328918457031,1189.1300048828125,15592264032.0,111820000.0,1039300.0
445,8595.740234375,55.68840408325195,1202.31005859375,19384942333.0,74770400.0,867700.0
446,8586.4736328125,56.43899154663086,1208.6700439453125,17618660671.0,113013600.0,846600.0
447,8321.7568359375,57.940181732177734,1215.449951171875,19604381101.0,166795600.0,1272700.0
448,8374.6865234375,57.856773376464844,1217.1400146484375,15151387859.0,96427600.0,867500.0
449,8205.369140625,57.72187042236328,1243.010009765625,15220412632.0,87360000.0,1381700.0
450,8047.52685546875,57.48883819580078,1243.6400146484375,16071646996.0,73903200.0,1094600.0
451,8103.9111328125,57.71205520629883,1253.0699462890625,14313052244.0,67585200.0,952400.0
452,7973.20751953125,57.989234924316406,1245.489990234375,15651592610.0,97433600.0,1352800.0
453,8243.720703125,58.99492263793945,1246.1500244140625,15868748866.0,87247200.0,1027200.0
454,8078.203125,58.860015869140625,1242.800048828125,16803377857.0,82293600.0,1023800.0
455,7514.671875,59.64985656738281,1259.1300048828125,21942878958.0,75828800.0,911500.0
456,7493.48876953125,59.74797439575195,1260.989990234375,16268708849.0,69275200.0,1028100.0
457,8660.7001953125,60.48384475708008,1265.1300048828125,28705065488.0,73477200.0,1213100.0
458,9256.1484375,61.089717864990234,1290.0,30948255332.0,96572800.0,2613200.0
459,9427.6875,59.67683792114258,1262.6199951171875,28426779937.0,142839600.0,1886400.0
460,9205.7265625,59.66947555541992,1261.2900390625,27706531577.0,124522000.0,1408900.0
461,9199.5849609375,61.018577575683594,1260.1099853515625,26583653947.0,139162000.0,1455700.0
462,9261.1044921875,62.75033187866211,1273.739990234375,24324691031.0,151125200.0,1670100.0
463,9412.6123046875,63.16242218017578,1291.3699951171875,26170255634.0,103272000.0,1501000.0
464,9342.52734375,63.07166290283203,1292.030029296875,26198609048.0,79897600.0,1282700.0
465,9360.8798828125,63.09864807128906,1291.800048828125,23133895765.0,75864400.0,1153000.0
466,9267.5615234375,63.82688522338867,1308.8599853515625,22700383839.0,94940400.0,2030000.0
467,8804.880859375,64.00157165527344,1311.3699951171875,24333037836.0,69986400.0,1251400.0
468,8757.7880859375,64.50837707519531,1299.18994140625,20265510765.0,81821200.0,1011900.0
469,8815.662109375,64.44933319091797,1298.800048828125,20309769107.0,87388800.0,1085900.0
470,8808.2626953125,65.06685638427734,1298.0,17545755405.0,102734400.0,826700.0
471,8708.0947265625,64.61663055419922,1311.4599609375,19084739975.0,89182800.0,1193500.0
472,8491.9921875,65.38423156738281,1334.8699951171875,21796856471.0,100206400.0,1782600.0
473,8309.2861328125,65.71392822265625,1320.699951171875,21579470673.0,86703200.0,1487400.0
474,8206.1455078125,65.5146255493164,1315.4599609375,21083613816.0,76167200.0,1269200.0
475,8027.26806640625,64.75193786621094,1303.050048828125,20764300437.0,106234400.0,1308600.0
476,7642.75,64.46163940429688,1301.3499755859375,22514243371.0,121395200.0,995500.0
477,7296.57763671875,64.4050521850586,1295.3399658203125,34242315785.0,65325200.0,1385700.0
478,7146.1337890625,65.5343017578125,1306.68994140625,42685231262.0,84020400.0,1036200.0
479,7218.37109375,65.0225830078125,1313.550048828125,21129505542.0,105207600.0,1069700.0
480,7531.66357421875,65.8959732055664,1312.989990234375,23991412764.0,65235600.0,995600.0
481,7761.24365234375,65.75081634521484,1304.9599609375,19709695456.0,46617600.0,587000.0
482,7321.98828125,64.99060821533203,1289.9200439453125,17082040706.0,94487200.0,1510900.0
483,7320.1455078125,63.831817626953125,1295.280029296875,14797485769.0,114430400.0,1143800.0
484,7252.03466796875,64.39519500732422,1320.5400390625,21664240918.0,67181600.0,1537500.0
485,7448.3076171875,65.33995819091797,1328.1300048828125,18816085231.0,74424400.0,1212700.0
486,7546.99658203125,66.6020736694336,1340.6199951171875,18104466307.0,106075600.0,1314800.0
487,7400.8994140625,65.66963958740234,1343.56005859375,17872021272.0,128042400.0,1354300.0
488,7278.11962890625,66.05343627929688,1344.6600341796875,18249031195.0,90420400.0,1094100.0
489,7217.42724609375,66.61682891845703,1345.02001953125,16350490689.0,78756800.0,850400.0
490,7243.13427734375,66.7865982055664,1350.27001953125,18927080224.0,137310400.0,1281000.0
491,7269.6845703125,67.6944351196289,1347.8299560546875,17125736940.0,133587600.0,1549600.0
492,6932.48046875,68.85321807861328,1361.1700439453125,20213265950.0,128186000.0,1397300.0
493,6640.51513671875,68.98854064941406,1355.1199951171875,22363804217.0,114158400.0,1854000.0
494,7276.802734375,68.82368469238281,1352.6199951171875,31836522778.0,116028400.0,1522600.0
495,7202.84423828125,68.89259338378906,1356.0400390625,25904604416.0,98369200.0,1469900.0
496,7218.81640625,68.74988555908203,1349.5899658203125,22633815180.0,275978000.0,3315000.0
497,7355.62841796875,69.87178039550781,1348.8399658203125,27831788041.0,98572000.0,883100.0
498,7322.5322265625,69.93820190429688,1343.56005859375,22991622105.0,48478800.0,347500.0
499,7238.966796875,71.32579803466797,1360.4000244140625,22787010034.0,93121200.0,667500.0
500,7290.08837890625,71.2987289428711,1351.8900146484375,22777360996.0,146266000.0,1038400.0
501,7292.9951171875,71.7219009399414,1336.1400146484375,22874131672.0,144114400.0,1050900.0
502,7193.59912109375,72.24594116210938,1337.02001953125,21167946112.0,100805600.0,961800.0
503,6985.47021484375,73.89432525634766,1367.3699951171875,20802083465.0,135480400.0,1406600.0
504,7344.88427734375,73.17591094970703,1360.6600341796875,28111481032.0,146322800.0,1186400.0
505,7769.21923828125,73.7590103149414,1394.2099609375,23276261598.0,118387200.0,1732300.0
506,8163.6923828125,73.412109375,1393.3399658203125,28767291327.0,108872000.0,1502700.0
507,8079.86279296875,74.5930404663086,1404.3199462890625,31672559265.0,132079200.0,1528000.0
508,7879.0712890625,76.17745208740234,1419.8299560546875,24045990466.0,170108400.0,1500900.0
509,8166.55419921875,76.34966278076172,1429.72998046875,28714583844.0,140644800.0,1820700.0
510,8144.1943359375,77.9808349609375,1439.22998046875,22482910688.0,121532000.0,1652300.0
511,8827.7646484375,76.92784118652344,1430.8800048828125,44841784107.0,161954400.0,1558900.0
512,8807.0107421875,76.5981674194336,1439.199951171875,40102834650.0,121923600.0,1282700.0
513,8723.7861328125,77.55767822265625,1451.699951171875,31313981931.0,108829200.0,1173700.0
514,8929.0380859375,78.41629791259766,1480.3900146484375,36372139320.0,137816400.0,2396200.0
515,8745.89453125,77.8848876953125,1484.4000244140625,24097418512.0,110843200.0,2036700.0
516,8680.8759765625,78.16289520263672,1485.949951171875,22600204051.0,101832400.0,1610800.0
517,8406.515625,78.53932189941406,1486.6500244140625,25770680779.0,104472000.0,1351200.0
518,8445.4345703125,78.31298065185547,1466.7099609375,24397913026.0,146537600.0,1784600.0
519,8909.8193359375,76.01016235351562,1433.9000244140625,28647338393.0,161940000.0,1755200.0
520,9358.58984375,78.16043853759766,1452.56005859375,34398744403.0,162234000.0,1577400.0
521,9316.6298828125,79.7965087890625,1458.6300048828125,30682598115.0,216229200.0,1077700.0
522,9508.9931640625,79.6808853149414,1455.8399658203125,32378792851.0,126743200.0,1339400.0
523,9350.529296875,76.14793395996094,1434.22998046875,29432489719.0,199588400.0,2417200.0
524,9293.521484375,75.93881225585938,1485.93994140625,30934096509.0,173788400.0,3036800.0
525,9180.962890625,78.44583129882812,1447.0699462890625,29893183716.0,136616400.0,3933000.0
526,9613.423828125,79.08550262451172,1448.22998046875,35222060874.0,118826800.0,1986200.0
527,9729.8017578125,80.01058197021484,1476.22998046875,37628823716.0,105425600.0,1679400.0
528,9795.943359375,78.92300415039062,1479.22998046875,34522718159.0,117684000.0,1172300.0
529,9856.611328125,79.29784393310547,1508.6800537109375,39386548075.0,109348800.0,1419900.0
530,10208.236328125,78.81942749023438,1508.7900390625,37648059389.0,94323200.0,1344600.0
531,10326.0546875,80.69120025634766,1518.27001953125,43444303830.0,113730400.0,1167600.0
532,10214.3798828125,80.1166000366211,1514.6600341796875,49356071373.0,94747600.0,929500.0
533,10312.1162109375,80.13633728027344,1520.739990234375,43338264162.0,80113600.0,1197800.0
534,10141.99609375,78.66899871826172,1519.6700439453125,47271023953.0,152531200.0,1120700.0
535,9633.38671875,79.80833435058594,1526.68994140625,46992019710.0,93984000.0,949300.0
536,9608.4755859375,78.98959350585938,1518.1500244140625,44925260237.0,100566000.0,1096600.0
537,9686.44140625,77.20165252685547,1485.1099853515625,40930547513.0,129554000.0,1731700.0
538,9650.1748046875,73.5345458984375,1421.5899658203125,45080496648.0,222195200.0,2867100.0
539,9341.705078125,71.04376983642578,1388.449951171875,42515259129.0,230673600.0,2478300.0
540,8820.5224609375,72.17079162597656,1393.1800537109375,50420050762.0,198054800.0,2202400.0
541,8784.494140625,67.45311737060547,1318.0899658203125,45470195695.0,320605600.0,2978300.0
542,8672.455078125,67.41365051269531,1339.3299560546875,44605450443.0,426510000.0,3789100.0
543,8869.669921875,73.68991088867188,1389.1099853515625,42857674409.0,341397200.0,2431500.0
544,8787.7861328125,71.34957122802734,1341.3900146484375,42386715821.0,319475600.0,2402300.0
545,8755.24609375,74.65909576416016,1386.52001953125,34746706368.0,219178400.0,1913300.0
546,9078.7626953125,72.23738098144531,1319.0400390625,39698054597.0,187572800.0,2561300.0
547,9122.5458984375,71.27806091308594,1298.4100341796875,40826885651.0,226176800.0,2660600.0
548,7923.64453125,65.6405258178711,1215.56005859375,46936995808.0,286744800.0,3365400.0
549,7909.7294921875,70.3680648803711,1280.3900146484375,42213940994.0,285290000.0,2611400.0
550,7911.43017578125,67.92414855957031,1215.4100341796875,38682762605.0,255598800.0,2608500.0
551,4970.7880859375,61.21631622314453,1114.9100341796875,53980357243.0,418474000.0,4226700.0
552,5563.70703125,68.55052947998047,1219.72998046875,74156772075.0,370732000.0,3700100.0
553,5014.47998046875,59.731719970703125,1084.3299560546875,45368026430.0,322423600.0,4252400.0
554,5225.62939453125,62.358131408691406,1119.800048828125,38622642935.0,324056000.0,3861500.0
555,5238.4384765625,60.83160400390625,1096.800048828125,37878801016.0,300233600.0,4233400.0
556,6191.19287109375,60.365509033203125,1115.2900390625,51000731797.0,271857200.0,3651100.0
557,6198.7783203125,56.533172607421875,1072.3199462890625,54442976103.0,401693200.0,3601800.0
558,6416.31494140625,55.33217239379883,1056.6199951171875,46491916000.0,336752800.0,4044100.0
559,6734.8037109375,60.88339614868164,1134.4599609375,48221910672.0,287531200.0,3344500.0
560,6681.06298828125,60.54800796508789,1102.489990234375,44590107888.0,303602000.0,4081500.0
561,6716.4404296875,63.734214782714844,1161.75,35319797642.0,252087200.0,3571700.0
562,6469.79833984375,61.095481872558594,1110.7099609375,34585598367.0,204216800.0,3208500.0
563,6429.841796875,62.839019775390625,1146.8199462890625,37101651525.0,167976400.0,2574100.0
564,6438.64453125,62.710784912109375,1162.81005859375,32786468812.0,197002000.0,2486400.0
565,6606.7763671875,59.41112518310547,1105.6199951171875,40346426266.0,176218400.0,2344200.0
566,6793.62451171875,60.402496337890625,1120.8399658203125,47660646124.0,165934000.0,1964900.0
567,6733.38720703125,59.534427642822266,1097.8800048828125,38976504903.0,129880000.0,2313400.0
568,7271.78125,64.72805786132812,1186.9200439453125,46896904615.0,201820400.0,2664700.0
569,7176.41455078125,63.978363037109375,1186.510009765625,44243482668.0,202887200.0,2387300.0
570,7334.0986328125,65.6158676147461,1210.280029296875,37563249549.0,168895200.0,1975100.0
571,7302.08935546875,66.08934783935547,1211.449951171875,34815139178.0,161834800.0,2175400.0
572,6845.03759765625,67.38652038574219,1217.56005859375,38619308647.0,131022800.0,1739800.0
573,6842.427734375,70.78976440429688,1269.22998046875,34110434052.0,194994800.0,2470400.0
574,6642.10986328125,70.14363861083984,1262.469970703125,32288311031.0,131154400.0,1671700.0
575,7116.80419921875,70.70097351074219,1263.469970703125,46783242377.0,157125200.0,2518100.0
576,7096.1845703125,69.74166107177734,1283.25,32513423567.0,215250000.0,1949000.0
577,6881.95849609375,68.29405975341797,1266.6099853515625,37747113936.0,130015200.0,1695500.0
578,6880.3232421875,66.18306732177734,1216.3399658203125,32589741511.0,180991600.0,2153000.0
579,7117.20751953125,68.08938598632812,1263.2099609375,33249153866.0,116862400.0,2092400.0
580,7429.724609375,67.82550811767578,1276.31005859375,43500782316.0,124814400.0,1566200.0
581,7550.90087890625,69.7835922241211,1279.31005859375,34636526286.0,126161200.0,1639600.0
582,7795.60107421875,69.83291625976562,1275.8800048828125,36162144725.0,117087600.0,1600600.0
583,7807.05859375,68.70097351074219,1233.6700439453125,33187959921.0,112004800.0,2951300.0
584,8801.0380859375,70.95746612548828,1341.47998046875,60201052203.0,137280800.0,3793600.0
585,8658.5537109375,72.45437622070312,1348.6600341796875,66964629541.0,183064000.0,2668900.0
586,8864.7666015625,71.28792572021484,1320.6099853515625,44068389997.0,240616800.0,2072500.0
587,8912.654296875,72.29656982421875,1326.800048828125,45718796276.0,133568000.0,1504000.0
588,9003.0703125,73.38166046142578,1351.1099853515625,43148462663.0,147751200.0,1651500.0
589,9268.76171875,74.13874053955078,1347.300048828125,49371886931.0,142333600.0,1215400.0
590,9951.5185546875,74.90570068359375,1372.56005859375,61112700562.0,115215200.0,1397600.0
591,9842.666015625,76.68859100341797,1388.3699951171875,51780748042.0,133838400.0,1386900.0
592,8601.7958984375,77.89531707763672,1403.260009765625,57119858802.0,145946400.0,1412100.0
593,8804.4775390625,77.00511169433594,1375.739990234375,42142717533.0,162301200.0,1390600.0
594,9269.9873046875,76.0753402709961,1349.3299560546875,45558144023.0,200622400.0,1812600.0
595,9733.7216796875,76.5427017211914,1356.1300048828125,56426907637.0,158929200.0,1603100.0
596,9328.197265625,76.09017181396484,1373.18994140625,48158802327.0,166348400.0,1707700.0
597,9726.5751953125,77.88294219970703,1383.93994140625,41827139896.0,135178400.0,1822400.0
598,9729.0380859375,77.43291473388672,1373.4849853515625,39254288955.0,101729600.0,1280600.0
599,9522.9814453125,78.93882751464844,1406.719970703125,36546239703.0,111504800.0,1655400.0
600,9081.76171875,78.35030364990234,1402.800048828125,39326160532.0,102688800.0,1385000.0
601,9182.5771484375,78.8547592163086,1410.4200439453125,29810773699.0,81803200.0,1309400.0
602,8835.052734375,78.32064056396484,1417.02001953125,29584186947.0,125522000.0,2060600.0
603,9181.017578125,78.66188049316406,1417.8399658203125,32740536902.0,112945200.0,1685800.0
604,9525.7509765625,78.69649505615234,1416.72998046875,34367073114.0,133560800.0,1692200.0
605,9439.1240234375,78.61983489990234,1428.9200439453125,32896642044.0,153532400.0,1820900.0
606,10167.2685546875,79.58670043945312,1431.8199462890625,35198901068.0,80791200.0,1217100.0
607,9529.8037109375,79.95513916015625,1439.219970703125,39137252109.0,87642800.0,1278100.0
608,9656.7177734375,80.3952865600586,1436.3800048828125,25007459262.0,104491200.0,1256200.0
609,9800.63671875,79.70291137695312,1412.1800537109375,25921805072.0,87560400.0,1484300.0
610,9665.533203125,81.97293853759766,1438.3900146484375,23509628646.0,137250400.0,1734900.0
611,9771.4892578125,82.45759582519531,1446.6099853515625,21486346312.0,95654400.0,1404200.0
612,9795.7001953125,85.06145477294922,1456.1600341796875,23717842783.0,147712400.0,1409200.0
613,9870.0947265625,87.24987030029297,1465.8499755859375,25706567601.0,166651600.0,1525200.0
614,9321.78125,83.06095886230469,1403.8399658203125,30247143440.0,201662400.0,1991300.0
615,9480.84375,83.77808380126953,1413.1800537109375,22610564515.0,200146000.0,1946400.0
616,9450.7021484375,84.81416320800781,1419.8499755859375,26699704768.0,138808800.0,1503900.0
617,9538.0244140625,87.06193542480469,1442.719970703125,21565537209.0,165428800.0,1709200.0
618,9480.2548828125,86.9407730102539,1451.1199951171875,20177709879.0,114406400.0,1549600.0
619,9411.8408203125,86.97538757324219,1435.9599609375,17770083003.0,96820400.0,1581900.0
620,9288.0185546875,86.47835540771484,1431.719970703125,19632223107.0,264476000.0,3157900.0
621,9648.7177734375,88.740966796875,1451.8599853515625,21104009514.0,135445200.0,1542400.0
622,9629.658203125,90.6351089477539,1464.4100341796875,17006433272.0,212155600.0,1429800.0
623,9313.6103515625,89.03523254394531,1431.969970703125,18961716076.0,192623200.0,1756000.0
624,9264.8134765625,90.21721649169922,1441.3299560546875,18616048626.0,137522400.0,1230500.0
625,9162.91796875,87.44522857666016,1359.9000244140625,18341465837.0,205256800.0,4267700.0
626,9190.8544921875,89.46054077148438,1394.969970703125,16460547078.0,130646000.0,1810200.0
627,9137.9931640625,90.20732879638672,1413.6099853515625,15735797744.0,140223200.0,2042400.0
628,9228.3251953125,90.03669738769531,1438.0400390625,15971550355.0,110737200.0,1775200.0
629,9123.41015625,90.03669738769531,1464.699951171875,16338916796.0,114041600.0,1859100.0
630,9375.474609375,92.44520568847656,1495.699951171875,17889263252.0,118655600.0,1564000.0
631,9252.27734375,92.15835571289062,1485.1800537109375,13839652595.0,112424400.0,1458200.0
632,9428.3330078125,94.30472564697266,1496.0,19702359883.0,117092000.0,1249700.0
633,9277.9677734375,94.71027374267578,1510.989990234375,18000702524.0,125642800.0,1423300.0
634,9278.8076171875,94.87593841552734,1541.739990234375,16860035605.0,90257200.0,1856300.0
635,9243.6142578125,94.43827056884766,1511.3399658203125,17519821266.0,191649200.0,1846400.0
636,9243.2138671875,96.0010757446289,1520.5799560546875,18085038362.0,170989200.0,1585000.0
637,9192.8369140625,96.66130828857422,1513.6400146484375,15844731575.0,153198000.0,1610700.0
638,9132.2275390625,95.47189331054688,1518.0,15713967523.0,110577600.0,1519300.0
639,9151.392578125,95.27901458740234,1515.550048828125,13944570749.0,92186800.0,1456700.0
640,9164.2314453125,97.28691101074219,1565.719970703125,13755604146.0,90318000.0,1557300.0
641,9374.8876953125,95.94419860839844,1558.4200439453125,18069581956.0,103433200.0,1216200.0
642,9525.36328125,96.21372985839844,1568.489990234375,16532254884.0,89001600.0,932000.0
643,9581.072265625,91.83441162109375,1515.6800537109375,18146399002.0,197004400.0,1627600.0
644,9536.892578125,91.60691833496094,1511.8699951171875,16552768325.0,185438800.0,1544000.0
645,10990.873046875,93.77803039550781,1530.199951171875,35359749590.0,121214000.0,1246000.0
646,10912.8232421875,92.23749542236328,1500.3399658203125,28766551142.0,103625600.0,1702200.0
647,11100.4677734375,94.00553894042969,1522.02001953125,24617249715.0,90329200.0,1106500.0
648,11111.2138671875,95.14301300048828,1531.449951171875,22857247901.0,158130000.0,1671400.0
649,11323.466796875,105.10340118408203,1482.9599609375,23160469766.0,374336800.0,3439900.0
650,11246.3486328125,107.75176239013672,1474.449951171875,20271713443.0,308151200.0,2330200.0
651,11205.892578125,108.4713363647461,1464.969970703125,21250197042.0,173071600.0,1903500.0
652,11747.0224609375,108.86450958251953,1473.6099853515625,24411254471.0,121776800.0,1979500.0
653,11779.7734375,112.66271209716797,1500.0999755859375,23400740340.0,202428800.0,1995400.0
654,11601.47265625,110.10124206542969,1494.489990234375,23132312867.0,198045600.0,1577800.0
655,11878.111328125,111.70154571533203,1496.0999755859375,26114112569.0,212403600.0,1289300.0
656,11410.525390625,108.37955474853516,1480.3199462890625,27039782640.0,187902400.0,1454400.0
657,11584.9345703125,111.98147583007812,1506.6199951171875,25064548486.0,165598000.0,1437000.0
658,11784.1376953125,113.96327209472656,1518.449951171875,27522199497.0,210082000.0,1455200.0
659,11768.87109375,113.86170959472656,1507.72998046875,24237958589.0,165565200.0,1354800.0
660,12254.40234375,113.56443786621094,1517.97998046875,28227687027.0,119561600.0,1378300.0
661,11991.2333984375,114.5107421875,1558.5999755859375,26043227672.0,105633600.0,2027100.0
662,11758.283203125,114.6544189453125,1547.530029296875,24502851117.0,145538000.0,1660600.0
663,11878.3720703125,117.19855499267578,1581.75,20175242945.0,126907200.0,1706900.0
664,11592.4892578125,123.23809051513672,1580.4200439453125,23762425999.0,338054800.0,1446500.0
665,11774.595703125,124.71205139160156,1588.199951171875,20681511755.0,345937600.0,1409900.0
666,11366.134765625,123.6889419555664,1608.219970703125,26301509932.0,211495600.0,2247100.0
667,11488.36328125,125.37098693847656,1652.3800048828125,22466660958.0,163022400.0,3993400.0
668,11323.3974609375,123.87226867675781,1634.3299560546875,23240415076.0,155552400.0,1861600.0
669,11542.5,123.67160034179688,1644.4100341796875,19807127588.0,187630000.0,1499000.0
670,11680.8203125,127.8655776977539,1634.1800537109375,22285928250.0,225702700.0,1823400.0
671,11970.478515625,132.95877075195312,1660.7099609375,27311555343.0,151948100.0,1825300.0
672,11414.0341796875,130.20408630371094,1728.280029296875,28037405299.0,200119000.0,2511200.0
673,10245.296875,119.77984619140625,1641.8399658203125,31927261555.0,257599600.0,3107800.0
674,10511.8134765625,119.85911560058594,1591.0400390625,29965130374.0,332607200.0,2608600.0
675,10131.5166015625,111.79320526123047,1532.3900146484375,33430927462.0,231366600.0,2610900.0
676,10242.34765625,116.25224304199219,1556.9599609375,24128292755.0,176940500.0,1774700.0
677,10363.138671875,112.45710754394531,1532.02001953125,54406443211.0,182274400.0,1618600.0
678,10400.9150390625,110.98065948486328,1520.719970703125,45201121775.0,180860300.0,1597100.0
679,10680.837890625,114.31008911132812,1519.280029296875,35453581940.0,140150100.0,1696600.0
680,10796.951171875,114.48845672607422,1541.43994140625,32509451925.0,184642000.0,1331100.0
681,10974.9052734375,111.10948944091797,1520.9000244140625,30769986455.0,154679000.0,1311700.0
682,10948.990234375,109.33577728271484,1495.530029296875,38151810523.0,178011000.0,1879800.0
683,10944.5859375,105.86762237548828,1459.989990234375,26341903912.0,287104900.0,3103900.0
684,10462.259765625,109.07814025878906,1431.1600341796875,28884999244.0,195713800.0,2888800.0
685,10538.4599609375,110.79239654541016,1465.4599609375,23621787804.0,183055400.0,1583200.0
686,10246.1865234375,106.14508056640625,1415.2099609375,23788661867.0,150718700.0,1657400.0
687,10760.06640625,107.23506927490234,1428.2900390625,47144380902.0,167743300.0,1450200.0
688,10692.716796875,111.25811004638672,1444.9599609375,39348590957.0,149981400.0,1323000.0
689,10709.65234375,113.91372680664062,1464.52001953125,47762394731.0,137672400.0,2007900.0
690,10844.640625,113.0516357421875,1469.3299560546875,46582396602.0,99382200.0,978200.0
691,10784.4912109375,114.75598907470703,1469.5999755859375,44171073700.0,142675200.0,1701600.0
692,10619.4521484375,115.7270736694336,1490.0899658203125,40023134100.0,116120400.0,1779500.0
693,10575.974609375,111.99138641357422,1458.4200439453125,48661453918.0,144712000.0,1284100.0
694,10793.33984375,115.43970489501953,1486.02001953125,47537578009.0,106243800.0,1113300.0
695,10604.40625,112.1301040649414,1453.43994140625,42623695307.0,161498200.0,1245400.0
696,10668.96875,114.03263854980469,1460.2900390625,37799458436.0,96849000.0,1746200.0
697,10915.685546875,113.92364501953125,1485.9300537109375,63314794397.0,83477200.0,1187800.0
698,11064.4580078125,115.90544128417969,1515.219970703125,22799117613.0,100506900.0,1435300.0
699,11555.36328125,123.26780700683594,1569.1500244140625,26163972642.0,240226800.0,2482600.0
700,11425.8994140625,119.99784088134766,1571.6800537109375,24241420251.0,262330500.0,1601000.0
701,11429.5068359375,120.08702850341797,1568.0799560546875,24103426719.0,150712000.0,1929300.0
702,11495.349609375,119.61138916015625,1559.1300048828125,24487233058.0,112559200.0,1540000.0
703,11322.123046875,117.93675994873047,1573.010009765625,25635480772.0,115393800.0,1434700.0
704,11742.037109375,114.92445373535156,1534.6099853515625,23860769928.0,120639300.0,1607100.0
705,11916.3349609375,116.44052124023438,1555.9300537109375,30915821592.0,124423700.0,2241700.0
706,12823.689453125,115.80634307861328,1593.31005859375,43414712626.0,89946000.0,2568300.0
707,12965.8916015625,114.696533203125,1615.3299560546875,34729759598.0,101988000.0,1433600.0
708,12931.5390625,113.99299621582031,1641.0,28974975003.0,82572600.0,1375800.0
709,13075.248046875,114.0029067993164,1590.449951171875,29461458313.0,111850700.0,1853300.0
710,13654.21875,115.53880310058594,1604.260009765625,33749878156.0,92276800.0,1229000.0
711,13271.28515625,110.18795013427734,1516.6199951171875,35867318895.0,143937800.0,1834000.0
712,13437.8828125,114.27044677734375,1567.239990234375,56499499598.0,146129200.0,2003100.0
713,13546.5224609375,107.86923217773438,1621.010009765625,30581485201.0,190272600.0,4329100.0
714,13550.4892578125,107.78005981445312,1626.030029296875,30771455468.0,122866900.0,2535400.0
715,13950.30078125,109.43486785888672,1650.2099609375,29869951617.0,107624400.0,1661700.0
716,14133.70703125,113.90380859375,1749.1300048828125,35116364962.0,138235500.0,3570900.0
717,15579.8486328125,117.9466781616211,1763.3699951171875,40856321439.0,126387100.0,2065800.0
718,15565.880859375,117.81269073486328,1761.75,39837841971.0,114457900.0,1660900.0
719,15332.3154296875,115.46018981933594,1763.0,34149115566.0,154515300.0,2268300.0
720,15290.90234375,115.11279296875,1740.3900146484375,25574938143.0,138023400.0,2636100.0
721,15701.33984375,118.60676574707031,1752.7099609375,29772374934.0,112295000.0,1264000.0
722,16276.34375,118.32884216308594,1749.8399658203125,34175758344.0,103162300.0,1247500.0
723,16317.80859375,118.37846374511719,1777.02001953125,31599492172.0,81581900.0,1499900.0
724,16716.111328125,119.41078186035156,1781.3800048828125,31526766675.0,91183000.0,1246800.0
725,17645.40625,118.50751495361328,1770.1500244140625,39006849170.0,74271000.0,1147100.0
726,17804.005859375,117.1575698852539,1746.780029296875,49064800278.0,76322100.0,1173500.0
727,17817.08984375,117.7630615234375,1763.9200439453125,36985055355.0,74113000.0,1249900.0
728,18621.314453125,116.47265625,1742.18994140625,36992873940.0,73604300.0,2313500.0
729,18364.12109375,113.00845336914062,1734.8599853515625,42741112308.0,127959300.0,2161600.0
730,19107.46484375,114.3187026977539,1768.8800048828125,51469565009.0,113874200.0,1578000.0
731,18732.12109375,115.17234802246094,1771.4300537109375,43710357371.0,76499200.0,1045800.0
732,17108.40234375,115.72820281982422,1793.18994140625,38886494645.0,46691300.0,884900.0
733,19625.8359375,118.17001342773438,1760.739990234375,47728480399.0,169410200.0,1823800.0
734,18802.998046875,121.81289672851562,1798.0999755859375,49633658712.0,127728200.0,1736900.0
735,19201.091796875,122.17023468017578,1827.949951171875,37387697139.0,89004200.0,1222000.0
736,19445.3984375,122.03128051757812,1826.77001953125,31930317405.0,78967600.0,1227300.0
737,18699.765625,121.34637451171875,1827.989990234375,33872388058.0,78260400.0,1378200.0
738,19191.630859375,122.83528900146484,1819.47998046875,26896357742.0,86712000.0,1320900.0
739,18321.14453125,123.46062469482422,1818.550048828125,31692288756.0,82225500.0,1096300.0
740,18553.916015625,120.87983703613281,1784.1300048828125,34420373071.0,115089200.0,1507600.0
741,18264.9921875,122.32904815673828,1775.3299560546875,25547132265.0,81312200.0,1362800.0
742,18058.904296875,121.50518798828125,1781.77001953125,27919640985.0,86939800.0,1220700.0
743,19246.64453125,120.87983703613281,1760.06005859375,22473997681.0,79184500.0,1600200.0
744,19417.076171875,126.93474578857422,1767.77001953125,26741982541.0,157243700.0,1482300.0
745,21310.59765625,126.86526489257812,1763.0,44409011479.0,98208600.0,1513500.0
746,22805.162109375,127.74869537353516,1747.9000244140625,71378606374.0,94359800.0,1624700.0
747,23137.9609375,125.72377014160156,1731.010009765625,40387896275.0,192541500.0,4016400.0
748,22803.08203125,127.28216552734375,1739.3699951171875,45852713981.0,121251600.0,1828400.0
749,23783.029296875,130.9051971435547,1723.5,44171632681.0,168904800.0,936700.0
750,23241.345703125,129.9919891357422,1732.3800048828125,51146161904.0,88223700.0,1033800.0
751,23735.94921875,130.99452209472656,1738.8499755859375,41080759713.0,54930100.0,346800.0
752,27084.80859375,135.67962646484375,1776.0899658203125,49056742893.0,124486200.0,1393000.0
753,27362.4375,133.8730926513672,1758.719970703125,45265946774.0,121047300.0,1299400.0
754,28840.953125,132.73159790039062,1739.52001953125,51287442704.0,96452100.0,1306100.0
755,29001.720703125,131.70919799804688,1751.8800048828125,46754964848.0,99116600.0,1011900.0
756,31971.9140625,128.45346069335938,1728.239990234375,81163475344.0,143301900.0,1901900.0
757,33992.4296875,130.04161071777344,1740.9200439453125,67547324782.0,97664900.0,1145300.0
758,36824.36328125,125.66421508789062,1735.2900390625,75289433811.0,155088000.0,2602100.0
759,39371.04296875,129.95228576660156,1787.25,84762141031.0,109578200.0,2265000.0
760,40797.609375,131.0739288330078,1807.2099609375,88107519480.0,105158200.0,2050600.0
761,35566.65625,128.026611328125,1766.719970703125,123320567399.0,100384500.0,1209700.0
762,33922.9609375,127.84795379638672,1746.550048828125,74773277909.0,91951100.0,1357000.0
763,37316.359375,129.92250061035156,1754.4000244140625,69364315979.0,88636800.0,1094100.0
764,39187.328125,127.9571533203125,1740.1800537109375,63615990033.0,90221800.0,1179500.0
765,36825.3671875,126.2002182006836,1736.18994140625,67760757881.0,111598500.0,1342200.0
766,36069.8046875,126.88512420654297,1790.8599853515625,57244195486.0,90757300.0,1734600.0
767,35547.75,131.05406188964844,1886.9000244140625,66834573161.0,104319500.0,2490300.0
768,30825.69921875,135.85829162597656,1891.25,75643067688.0,120150900.0,2063900.0
769,33005.76171875,138.0420379638672,1901.050048828125,77207272511.0,114459400.0,1272100.0
770,32366.392578125,141.8636016845703,1899.4000244140625,59897054838.0,157611700.0,1927300.0
771,32569.849609375,142.10182189941406,1917.239990234375,60255421470.0,98390600.0,1313100.0
772,30432.546875,141.00994873046875,1830.7900390625,62576762015.0,140843800.0,2748300.0
773,33466.09765625,136.07667541503906,1863.1099853515625,76517157706.0,142621100.0,1773100.0
774,34316.38671875,130.98460388183594,1835.739990234375,117894572511.0,177523800.0,1612600.0
775,33537.17578125,133.1484832763672,1901.3499755859375,61400400660.0,106239800.0,1602200.0
776,35510.2890625,133.99220275878906,1927.510009765625,63088585433.0,83305400.0,2273700.0
777,37472.08984375,132.949951171875,2070.070068359375,61166818159.0,89880900.0,4118200.0
778,36926.06640625,136.37445068359375,2062.3701171875,68838074392.0,84183100.0,1852300.0
779,38144.30859375,135.9519500732422,2098.0,58598066402.0,75693800.0,1535100.0
780,46196.46484375,136.10110473632812,2092.909912109375,101467222687.0,71297200.0,1241900.0
781,46481.10546875,135.20640563964844,2083.510009765625,91809846886.0,76774200.0,889900.0
782,44918.18359375,134.59007263183594,2095.3798828125,87301089896.0,73046600.0,1135500.0
783,47909.33203125,134.33160400390625,2095.889892578125,81388911810.0,64280000.0,945700.0
784,47504.8515625,134.57017517089844,2104.110107421875,76555041196.0,60145100.0,855700.0
785,49199.87109375,132.40306091308594,2121.89990234375,77049582886.0,80576300.0,1133800.0
786,52149.0078125,130.0669403076172,2128.31005859375,80820545404.0,97918500.0,1070900.0
787,51679.796875,128.94361877441406,2117.199951171875,52054723579.0,96856700.0,1121600.0
788,55888.1328125,129.10267639160156,2101.139892578125,63495496918.0,87668800.0,1457400.0
789,54207.3203125,125.25555419921875,2064.8798828125,92052420332.0,103916400.0,1367500.0
790,48824.42578125,125.11637115478516,2070.860107421875,106102492824.0,158273000.0,1667400.0
791,49705.33203125,124.60939025878906,2095.169921875,63695521388.0,111039900.0,1248300.0
792,47093.8515625,120.27513885498047,2031.3599853515625,54506565949.0,148199500.0,1828400.0
793,46339.76171875,120.54354858398438,2036.8599853515625,350967941479.0,164560400.0,2083500.0
794,49631.2421875,127.03497314453125,2081.510009765625,53891300112.0,116307900.0,1404500.0
795,48378.98828125,124.38074493408203,2075.840087890625,47530897720.0,102260900.0,1134600.0
796,50538.2421875,121.33882141113281,2026.7099609375,53220811975.0,112966300.0,1484200.0
797,48561.16796875,119.42021942138672,2049.090087890625,52343816680.0,178155000.0,2118000.0
798,48927.3046875,120.70259094238281,2108.5400390625,48625928883.0,153766600.0,2195200.0
799,52246.5234375,115.67250061035156,2024.1700439453125,48597428048.0,154376600.0,1647400.0
800,54824.1171875,120.37454223632812,2052.699951171875,50912227385.0,129525800.0,1697300.0
801,56008.55078125,119.2711181640625,2055.030029296875,57295577614.0,111943300.0,1268600.0
802,57805.12109375,121.23941040039062,2114.77001953125,56772343595.0,103026500.0,1239100.0
803,57332.08984375,120.31490325927734,2061.919921875,55689944702.0,88105100.0,1725800.0
804,55907.19921875,123.2574234008789,2066.489990234375,66419369890.0,92403800.0,1298100.0
805,56804.90234375,124.82808685302734,2092.52001953125,59749798599.0,115227900.0,1491600.0
806,58870.89453125,124.02286529541016,2091.080078125,60258313191.0,111932600.0,1299000.0
807,57858.921875,119.81785583496094,2036.219970703125,55746041000.0,121229700.0,1361400.0
808,58346.65234375,119.28105163574219,2043.199951171875,49063873786.0,185549500.0,2314900.0
809,54529.14453125,122.66096496582031,2038.5899658203125,56521454974.0,111912300.0,1954800.0
810,54738.9453125,121.81598663330078,2052.9599609375,56435023914.0,95467100.0,1367000.0
811,52774.265625,119.38045501708984,2045.06005859375,70567223787.0,88530500.0,1154000.0
812,51704.16015625,119.87751007080078,2044.3599853515625,67999812841.0,98844700.0,1418900.0
813,55137.3125,120.49383544921875,2035.550048828125,56652197978.0,94071200.0,1493500.0
814,57750.19921875,120.67277526855469,2055.949951171875,57625587027.0,80819200.0,1229800.0
815,58917.69140625,119.19158172607422,2055.5400390625,54414116432.0,85671900.0,1036600.0
816,58918.83203125,121.42829132080078,2068.6298828125,65520826225.0,118323800.0,1459900.0
817,59095.80859375,122.27326965332031,2137.75,61669163792.0,75089100.0,1699000.0
818,59057.87890625,125.15613555908203,2225.550048828125,60706272115.0,88651200.0,2164900.0
819,58192.359375,125.46430969238281,2224.75,66058027988.0,80171300.0,1353000.0
820,56048.9375,127.14431762695312,2249.679931640625,75645303584.0,83466700.0,1289900.0
821,58323.953125,129.5897674560547,2265.43994140625,53053855641.0,88844600.0,1358300.0
822,58245.00390625,132.2141876220703,2285.8798828125,46655208546.0,106686700.0,1044400.0
823,59893.453125,130.464599609375,2254.7900390625,51828688519.0,91420000.0,1565900.0
824,63503.45703125,133.63572692871094,2267.27001953125,69983454362.0,91266500.0,1165500.0
825,63109.6953125,131.2499237060547,2254.840087890625,77451779687.0,87222800.0,1011000.0
826,63314.01171875,133.705322265625,2296.659912109375,60954381579.0,89347100.0,1373600.0
827,61572.7890625,133.36732482910156,2297.760009765625,84293007468.0,84922400.0,1129800.0
828,55724.265625,134.04331970214844,2302.39990234375,65344865159.0,94264200.0,1234400.0
829,56473.03125,132.3235321044922,2293.6298828125,67849323955.0,94812300.0,1088700.0
830,53906.08984375,132.7112274169922,2293.2900390625,54926612466.0,68847100.0,1196500.0
831,51762.2734375,131.1604461669922,2267.919921875,74798630778.0,84566500.0,1054800.0
832,51093.65234375,133.52639770507812,2315.300048828125,86668667320.0,78657500.0,1433500.0
833,54021.75390625,133.92404174804688,2326.739990234375,58284039825.0,66905100.0,1041700.0
834,55033.1171875,133.59596252441406,2307.1201171875,49448222757.0,66015800.0,1598600.0
835,54824.703125,132.79075622558594,2379.909912109375,48000572955.0,107760100.0,2986400.0
836,53555.109375,132.69134521484375,2429.889892578125,46088929780.0,151101000.0,1977700.0
837,57750.17578125,130.68328857421875,2410.1201171875,52395931985.0,109839500.0,1957100.0
838,57200.29296875,131.75689697265625,2395.169921875,51713139031.0,75135100.0,1689400.0
839,53333.5390625,127.09461212158203,2354.25,68564706967.0,137564700.0,1756000.0
840,57424.0078125,127.3431396484375,2356.739990234375,69241316747.0,84000900.0,1090300.0
841,56396.515625,128.9734649658203,2381.35009765625,69523285106.0,78128300.0,1030900.0
842,57356.40234375,129.66055297851562,2398.68994140625,68434023376.0,78973300.0,1163600.0
843,55859.796875,126.31470489501953,2341.659912109375,71776546298.0,88071200.0,1300300.0
844,56704.57421875,125.3786849975586,2308.760009765625,61308396325.0,126142800.0,1605500.0
845,49150.53515625,122.25192260742188,2239.080078125,75215403907.0,112172300.0,1746700.0
846,49716.19140625,124.44264221191406,2261.969970703125,96721152926.0,105861300.0,1333500.0
847,49880.53515625,126.91217803955078,2316.159912109375,55737497453.0,81918000.0,1331200.0
848,43537.51171875,125.7371597290039,2321.409912109375,74903638450.0,74244600.0,992100.0
849,42909.40234375,124.3231430053711,2303.429931640625,56187365084.0,63342900.0,865100.0
850,37002.44140625,124.16383361816406,2308.7099609375,126358098747.0,92612000.0,967500.0
851,40782.73828125,126.77276611328125,2356.090087890625,88281943359.0,76857100.0,1191600.0
852,37304.69140625,124.90070343017578,2345.10009765625,82051616861.0,79295400.0,1141600.0
853,38705.98046875,126.56365203857422,2406.669921875,67359584098.0,63092900.0,1062200.0
854,38402.22265625,126.364501953125,2409.070068359375,56211915803.0,72009500.0,941900.0
855,39294.19921875,126.31470489501953,2433.530029296875,51346735160.0,56575900.0,1092800.0
856,38436.96875,124.75133514404297,2402.510009765625,43210968721.0,94625600.0,1948100.0
857,35697.60546875,124.08415985107422,2411.56005859375,55200191952.0,71311100.0,1205400.0
858,36684.92578125,123.75555419921875,2429.81005859375,34639423297.0,67637100.0,958300.0
859,37575.1796875,124.53225708007812,2421.280029296875,33070867190.0,59278900.0,857900.0
860,39208.765625,123.01868438720703,2404.610107421875,35460750427.0,76229200.0,917300.0
861,36894.40625,125.3587646484375,2451.760009765625,41831090187.0,75169300.0,1297400.0
862,33560.70703125,125.36872100830078,2466.090087890625,33683936663.0,71057600.0,1192500.0
863,33472.6328125,126.20516967773438,2482.85009765625,49902050442.0,74403800.0,1253000.0
864,37345.12109375,126.5935287475586,2491.39990234375,53972919008.0,56877900.0,1006300.0
865,36702.59765625,125.57783508300781,2521.60009765625,43576032854.0,71186400.0,1561700.0
866,37334.3984375,126.8125991821289,2513.929931640625,38699736985.0,53522400.0,1262000.0
867,40218.4765625,129.92938232421875,2527.0400390625,43148914673.0,96906500.0,1127500.0
868,40406.26953125,129.09292602539062,2520.659912109375,46420149185.0,62746300.0,1109100.0
869,38347.0625,129.6007843017578,2513.929931640625,39211635100.0,91815000.0,1315800.0
870,38053.50390625,131.23385620117188,2527.419921875,37096670047.0,96721700.0,1287800.0
871,35787.24609375,129.90948486328125,2511.35009765625,36200887275.0,108953300.0,2665300.0
872,31676.693359375,131.74169921875,2529.10009765625,52809038594.0,79663300.0,1312800.0
873,32505.66015625,133.41461181640625,2539.989990234375,58964353058.0,74783600.0,1049200.0
874,33723.02734375,133.13580322265625,2529.22998046875,46317108925.0,60214200.0,984700.0
875,34662.4375,132.8470458984375,2545.639892578125,33123368116.0,68711000.0,946700.0
876,31637.779296875,132.5482940673828,2539.89990234375,40230904226.0,70783700.0,1674200.0
877,34434.3359375,134.2112579345703,2536.389892578125,33892523752.0,62111300.0,1405500.0
878,35867.77734375,135.75469970703125,2520.3701171875,37901460044.0,64556100.0,1047500.0
879,35040.8359375,136.38206481933594,2506.320068359375,34059036099.0,63261400.0,1200300.0
880,33572.1171875,136.69073486328125,2527.3701171875,37838957079.0,52485800.0,856000.0
881,33897.046875,139.36940002441406,2574.3798828125,38728974942.0,78852600.0,1058000.0
882,34235.1953125,141.4207000732422,2595.419921875,26501259870.0,108181800.0,1067500.0
883,33855.328125,143.95994567871094,2601.550048828125,24796027477.0,104911600.0,834000.0
884,32877.37109375,142.63555908203125,2583.5400390625,29910396946.0,105575500.0,989000.0
885,33798.01171875,144.49765014648438,2591.489990234375,27436021028.0,99890800.0,755300.0
886,33155.84765625,143.89022827148438,2611.280029296875,24321499537.0,76299700.0,847200.0
887,32702.025390625,145.02542114257812,2619.889892578125,19120856669.0,100827100.0,830900.0
888,32822.34765625,148.52059936523438,2641.64990234375,21376531210.0,127050800.0,895600.0
889,31780.73046875,147.85342407226562,2625.330078125,21300524237.0,106820300.0,829300.0
890,31421.5390625,145.77224731445312,2636.909912109375,23699476918.0,93251400.0,742800.0
891,30817.83203125,141.848876953125,2585.080078125,20434789545.0,121434600.0,1285500.0
892,29807.34765625,145.5332489013672,2622.030029296875,23148267245.0,96350000.0,954200.0
893,32110.693359375,144.7864227294922,2652.010009765625,28203024559.0,74993500.0,737100.0
894,32313.10546875,146.18052673339844,2666.570068359375,19555230518.0,77338200.0,680400.0
895,33581.55078125,147.93307495117188,2756.320068359375,22552046192.0,71447400.0,1318900.0
896,37337.53515625,148.3612823486328,2792.889892578125,51022126212.0,72434100.0,1152600.0
897,39406.94140625,146.15065002441406,2735.929931640625,35097370560.0,104818600.0,2108200.0
898,39995.90625,144.3682098388672,2727.6298828125,38702404695.0,118931200.0,2734400.0
899,40008.421875,145.02542114257812,2730.81005859375,27167146027.0,56699500.0,964200.0
900,42235.546875,145.24449157714844,2704.419921875,33072782960.0,70440600.0,1197700.0
901,39201.9453125,144.9059295654297,2719.7900390625,25595265436.0,62880000.0,1007000.0
902,38152.98046875,146.73817443847656,2725.60009765625,26189830450.0,64786600.0,953200.0
903,39747.50390625,146.32989501953125,2720.570068359375,25372562724.0,56368300.0,826400.0
904,40869.5546875,146.43942260742188,2738.800048828125,35185031017.0,46397700.0,593300.0
905,42816.5,145.7413330078125,2740.719970703125,38226483046.0,54126800.0,678000.0
906,46365.40234375,145.69146728515625,2760.0400390625,38734079049.0,48908700.0,618700.0
907,45585.03125,145.20281982421875,2761.929931640625,33546019517.0,69023100.0,801700.0
908,45593.63671875,145.4621124267578,2753.7900390625,34319709073.0,48493500.0,760200.0
909,44428.2890625,148.4838409423828,2767.7900390625,33723620826.0,72282600.0,732300.0
910,47793.3203125,148.69326782226562,2768.1201171875,31744259539.0,59375000.0,629000.0
911,46004.484375,150.70774841308594,2778.320068359375,32776876610.0,103296000.0,902000.0
912,44695.359375,149.78030395507812,2746.010009765625,33451362600.0,92229700.0,1063600.0
913,44801.1875,145.9607391357422,2731.39990234375,32194123075.0,86326000.0,746700.0
914,46717.578125,146.29981994628906,2738.27001953125,37204312299.0,86960300.0,914800.0
915,49339.17578125,147.78575134277344,2768.739990234375,34706867452.0,60549600.0,778200.0
916,49546.1484375,149.30162048339844,2821.989990234375,34305053719.0,60131800.0,1054500.0
917,47706.1171875,149.2118377685547,2847.969970703125,35361168834.0,48606400.0,756300.0
918,48960.7890625,147.9552764892578,2859.0,32646349931.0,58991300.0,641900.0
919,46942.21875,147.1375274658203,2842.4599609375,32666549568.0,48597200.0,746100.0
920,49058.66796875,148.19464111328125,2891.010009765625,34511076995.0,55802400.0,1228100.0
921,47054.984375,152.70228576660156,2909.389892578125,31847007016.0,90956700.0,845800.0
922,47166.6875,151.4158172607422,2909.239990234375,34730363427.0,86453100.0,1337800.0
923,48847.02734375,152.09396362304688,2916.840087890625,39139399125.0,80313700.0,791200.0
924,49327.72265625,153.23085021972656,2884.3798828125,39508070319.0,71115500.0,1092200.0
925,50025.375,153.87908935546875,2895.5,43206179619.0,57808700.0,955200.0
926,46811.12890625,156.2625732421875,2910.3798828125,65210059683.0,82278300.0,758500.0
927,46091.390625,154.68687438964844,2897.669921875,49007762488.0,74420200.0,774300.0
928,46391.421875,153.64971923828125,2898.27001953125,38672657013.0,57305700.0,739900.0
929,44883.91015625,148.56361389160156,2838.419921875,39154666597.0,140893200.0,1644800.0
930,44963.07421875,149.1420440673828,2869.300048828125,40969943253.0,102404300.0,1008800.0
931,47092.4921875,147.71592712402344,2868.1201171875,38652152880.0,109296300.0,945800.0
932,48176.34765625,148.6234588623047,2904.1201171875,30484496466.0,83281300.0,1032400.0
933,47783.359375,148.38409423828125,2887.469970703125,31764293754.0,68034100.0,1014600.0
934,47267.51953125,145.66156005859375,2829.27001953125,28727713711.0,129868800.0,3002000.0
935,42843.80078125,142.55006408691406,2780.340087890625,43909845642.0,123478900.0,1745900.0
936,40693.67578125,143.03872680664062,2792.929931640625,48701090088.0,75834000.0,906500.0
937,43574.5078125,145.45213317871094,2818.77001953125,38139709246.0,76404300.0,1103400.0
938,44895.09765625,146.42945861816406,2836.530029296875,34244064430.0,64838200.0,863600.0
939,42839.75,146.5192108154297,2852.659912109375,42839345714.0,53477900.0,747500.0
940,42235.73046875,144.97344970703125,2830.02001953125,30980029059.0,74150700.0,942200.0
941,41034.54296875,141.52288818359375,2723.679931640625,30214940550.0,108972300.0,2109500.0
942,41564.36328125,142.44036865234375,2690.419921875,30602359905.0,74602000.0,1316900.0
943,43790.89453125,141.11399841308594,2665.31005859375,31141681925.0,89056700.0,1764700.0
944,48116.94140625,142.26084899902344,2729.25,42850641582.0,94639600.0,1419400.0
945,49112.90234375,138.76043701171875,2675.300048828125,33383173002.0,98322000.0,1576500.0
946,51514.8125,140.72506713867188,2723.5400390625,35873904236.0,80861100.0,1206300.0
947,55361.44921875,141.61264038085938,2747.080078125,49034730168.0,83221100.0,988200.0
948,53805.984375,142.89910888671875,2783.7099609375,36807860413.0,61732700.0,912500.0
949,53967.84765625,142.51016235351562,2801.1201171875,34800873924.0,58773200.0,946200.0
950,57484.7890625,142.42042541503906,2776.949951171875,42637331698.0,64452200.0,829200.0
951,56041.05859375,141.12396240234375,2734.260009765625,41083758949.0,73035900.0,1126800.0
952,57401.09765625,140.52560424804688,2758.0,41684252783.0,78762700.0,819000.0
953,57321.5234375,143.36782836914062,2828.239990234375,36615791366.0,69907100.0,1071300.0
954,61593.94921875,144.44488525390625,2833.5,51780081801.0,67940300.0,1062500.0
955,62026.078125,146.1502227783203,2859.2099609375,38055562075.0,85589200.0,828200.0
956,64261.9921875,148.35418701171875,2876.43994140625,40471196346.0,76378900.0,765800.0
957,65992.8359375,148.8528289794922,2848.300048828125,40788955582.0,58418800.0,897000.0
958,62210.171875,149.07223510742188,2855.610107421875,45908121370.0,61421000.0,742500.0
959,60692.265625,148.28439331054688,2772.5,38434082775.0,58883400.0,1509100.0
960,63039.82421875,148.23452758789062,2775.4599609375,31064911614.0,50720600.0,1054100.0
961,60363.79296875,148.9126739501953,2793.43994140625,34878965587.0,60893400.0,1412900.0
962,58482.38671875,148.44395446777344,2928.550048828125,43657076893.0,56094900.0,2592500.0
963,60622.13671875,152.15380859375,2922.580078125,45257083247.0,100077900.0,1620900.0
964,62227.96484375,149.391357421875,2965.409912109375,36856881767.0,124953200.0,1447700.0
965,61004.40625,148.55364990234375,2875.47998046875,36150572843.0,74588300.0,1613600.0
966,63226.40234375,149.6107635498047,2917.260009765625,37746665647.0,69122000.0,1057500.0
967,62970.046875,151.07675170898438,2935.800048828125,36124731509.0,54511500.0,894300.0
968,61452.23046875,150.54818725585938,2973.659912109375,32615846901.0,60394600.0,1235000.0
969,61125.67578125,151.08750915527344,2984.820068359375,30605102446.0,65463900.0,1020400.0
970,67566.828125,150.2485809326172,2987.030029296875,41125608330.0,55020900.0,919400.0
971,66971.828125,150.61810302734375,2984.969970703125,42357991721.0,56787900.0,843800.0
972,64995.23046875,147.73178100585938,2932.52001953125,48730828378.0,65187100.0,1135400.0
973,64949.9609375,147.6818389892578,2934.9599609375,35880633236.0,41000000.0,623200.0
974,64155.94140625,149.7991485595703,2992.909912109375,36084893887.0,63804000.0,852400.0
975,63557.87109375,149.8091278076172,2987.760009765625,30558763548.0,59222800.0,812400.0
976,60161.24609375,150.807861328125,2981.52001953125,46844335592.0,59256200.0,862700.0
977,60368.01171875,153.29469299316406,2981.239990234375,39178392930.0,88807000.0,764500.0
978,56942.13671875,157.6691131591797,3014.179931640625,41388338699.0,137827700.0,1332900.0
979,58119.578125,160.34571838378906,2999.050048828125,38702407772.0,117305600.0,988300.0
980,56289.2890625,160.8151092529297,2941.570068359375,35036121783.0,117467900.0,1230400.0
981,57569.07421875,161.20462036132812,2935.139892578125,37485803899.0,96041900.0,906300.0
982,56280.42578125,161.73394775390625,2934.35009765625,36635566789.0,69463600.0,823200.0
983,53569.765625,156.6104736328125,2856.1201171875,41810748221.0,76959800.0,849600.0
984,57806.56640625,160.03610229492188,2922.280029296875,32370840356.0,88748200.0,1313800.0
985,57005.42578125,165.0896759033203,2849.0400390625,36708594618.0,174048100.0,2079500.0
986,57229.828125,164.5603485107422,2832.360107421875,36858195307.0,152052500.0,1423800.0
987,56477.81640625,163.55162048339844,2875.530029296875,32379968686.0,136739200.0,1062500.0
988,53598.24609375,161.63406372070312,2850.409912109375,39789134215.0,118023100.0,1334400.0
989,50582.625,165.10964965820312,2875.929931640625,37707308001.0,107497000.0,1109900.0
990,50700.0859375,170.96217346191406,2960.72998046875,33676814852.0,120405400.0,1162900.0
991,50504.796875,174.8572235107422,2974.409912109375,28479699446.0,116998900.0,948200.0
992,47672.12109375,174.33787536621094,2962.1201171875,29603577251.0,108923700.0,929000.0
993,47243.3046875,179.22166442871094,2973.5,30966005122.0,115402700.0,1081700.0
994,46737.48046875,175.51638793945312,2934.090087890625,32166727776.0,153237000.0,1205200.0
995,46612.6328125,174.10818481445312,2899.409912109375,34638619079.0,139380400.0,1238900.0
996,48896.72265625,179.0718536376953,2947.3701171875,36541828520.0,131063300.0,1364000.0
997,47665.42578125,172.04080200195312,2896.77001953125,27268150947.0,150185800.0,1370000.0
998,46202.14453125,170.9222412109375,2856.06005859375,32902725329.0,195432700.0,2170200.0
999,46880.27734375,169.53399658203125,2848.030029296875,30961902129.0,107499100.0,1013200.0
1000,48936.61328125,172.76988220214844,2884.409912109375,27055803928.0,91185900.0,977400.0
1001,48628.51171875,175.41650390625,2938.97998046875,24447979559.0,92135300.0,921900.0
1002,50784.5390625,176.05569458007812,2942.85009765625,28223878108.0,68356600.0,690900.0
1003,50640.41796875,180.1005401611328,2961.280029296875,24324345758.0,74919600.0,662800.0
1004,47588.85546875,179.06185913085938,2928.9599609375,33430376883.0,79144300.0,931200.0
1005,46444.7109375,179.15174865722656,2930.090087890625,30049226299.0,62348900.0,851100.0
1006,47178.125,177.97325134277344,2920.050048828125,26686491018.0,59773000.0,648900.0
1007,46306.4453125,177.34405517578125,2893.590087890625,36974172400.0,64062300.0,864900.0
1008,46458.1171875,181.7783966064453,2901.489990234375,33071628362.0,104487900.0,1260700.0
1009,45897.57421875,179.47134399414062,2888.330078125,42494677905.0,99310400.0,1146400.0
1010,43569.00390625,174.69741821289062,2753.070068359375,36851084859.0,94537600.0,2482100.0
1011,43160.9296875,171.78114318847656,2751.02001953125,30208048289.0,96904000.0,1452500.0
1012,41557.90234375,171.950927734375,2740.090087890625,84196607520.0,86709100.0,970400.0
1013,41821.26171875,171.9709014892578,2771.47998046875,32104232331.0,106765600.0,1704800.0
1014,42735.85546875,174.8572235107422,2800.35009765625,26327648900.0,76138300.0,1175100.0
1015,43949.1015625,175.306640625,2832.9599609375,33499938689.0,74805200.0,1182100.0
1016,42591.5703125,171.9709014892578,2782.6201171875,47691135082.0,84505800.0,1328300.0
1017,43099.69921875,172.84979248046875,2795.72998046875,23577403399.0,80440800.0,1191300.0
1018,42375.6328125,169.5839385986328,2725.81005859375,22417209227.0,90956700.0,1369100.0
1019,41744.328125,166.0184783935547,2713.0400390625,23091543258.0,94815000.0,1039800.0
1020,40680.41796875,164.3006591796875,2670.1298828125,20382033940.0,91420500.0,1096500.0
1021,36457.31640625,162.20335388183594,2601.840087890625,43011992031.0,122848900.0,2096000.0
1022,36654.328125,161.41433715820312,2607.43994140625,41856658597.0,162294600.0,2757400.0
1023,36954.00390625,159.57669067382812,2534.7099609375,26428189594.0,115798400.0,1800400.0
1024,36852.12109375,159.48680114746094,2584.800048828125,31324598034.0,108275300.0,1981500.0
1025,37138.234375,159.0174102783203,2582.419921875,25041426629.0,121954600.0,1512400.0
1026,37784.33203125,170.11326599121094,2665.7900390625,22238830523.0,179935700.0,1525900.0
1027,38483.125,174.55760192871094,2713.969970703125,20734730465.0,115541600.0,1702800.0
1028,38743.2734375,174.3878173828125,2757.570068359375,20288500328.0,86213900.0,2560200.0
1029,36952.984375,175.6162567138672,2960.72998046875,19155189416.0,84914300.0,4487500.0
1030,37154.6015625,172.67999267578125,2853.010009765625,18591534769.0,89418100.0,2846500.0
1031,41500.875,172.38999938964844,2860.320068359375,29412210792.0,82465400.0,2461200.0
1032,43840.28515625,171.66000366210938,2778.760009765625,28641855926.0,77251200.0,2230500.0
1033,44118.4453125,174.8300018310547,2784.260009765625,33079398868.0,74829200.0,1712800.0
1034,44338.796875,176.27999877929688,2829.06005859375,23245887300.0,71285000.0,1431400.0
1035,43565.11328125,172.1199951171875,2772.050048828125,32142048537.0,90865900.0,1650900.0
1036,42407.9375,168.63999938964844,2682.60009765625,26954925781.0,98670700.0,1940400.0
1037,42586.91796875,168.8800048828125,2706.0,20827783012.0,86185500.0,1339600.0
1038,44575.203125,172.7899932861328,2728.510009765625,22721659051.0,62527400.0,1328900.0
1039,43961.859375,172.5500030517578,2749.75,19792547657.0,61177400.0,1280500.0
1040,40538.01171875,168.8800048828125,2646.169921875,26246662813.0,69589300.0,1548400.0
1041,40030.9765625,167.3000030517578,2609.35009765625,23310007704.0,82772700.0,1592900.0
1042,38286.02734375,164.32000732421875,2588.050048828125,25493150450.0,91162800.0,1945300.0
1043,37296.5703125,160.07000732421875,2551.699951171875,21849073843.0,90009200.0,1321600.0
1044,38332.609375,162.74000549316406,2653.469970703125,46383802093.0,141147500.0,2158300.0
1045,39214.21875,164.85000610351562,2690.389892578125,26545599159.0,91974200.0,1311800.0
1046,43193.234375,165.1199951171875,2697.820068359375,35690014104.0,95056600.0,1483800.0
1047,44354.63671875,163.1999969482422,2683.360107421875,32479047645.0,83474400.0,1232000.0
1048,43924.1171875,166.55999755859375,2695.030029296875,29183112630.0,79724800.0,1198300.0
1049,42451.7890625,166.22999572753906,2686.159912109375,24967782593.0,76678400.0,989000.0
1050,39137.60546875,163.1699981689453,2642.43994140625,28516271427.0,83737200.0,1222300.0
1051,38062.0390625,159.3000030517578,2529.2900390625,28546143503.0,96418800.0,1958900.0
1052,38737.26953125,157.44000244140625,2545.570068359375,25776583476.0,131148300.0,1762500.0
1053,41982.92578125,162.9499969482422,2677.320068359375,32284121034.0,91454900.0,1612900.0
1054,39437.4609375,158.52000427246094,2653.639892578125,31078064711.0,105342000.0,1213300.0
1055,38794.97265625,154.72999572753906,2609.510009765625,26364890465.0,96970100.0,1330000.0
1056,39666.75390625,150.6199951171875,2534.820068359375,24322159070.0,108732100.0,1512700.0
1057,39338.78515625,155.08999633789062,2593.2099609375,23934000868.0,92964300.0,1514600.0
1058,41143.9296875,159.58999633789062,2673.81005859375,39616916192.0,102300200.0,1602900.0
1059,40951.37890625,160.6199951171875,2692.010009765625,22009601093.0,75615400.0,1199700.0
1060,41801.15625,163.97999572753906,2736.030029296875,34421564942.0,123511700.0,2295000.0
1061,41077.99609375,165.3800048828125,2729.570068359375,24615543271.0,95811400.0,1331600.0
1062,42358.80859375,168.82000732421875,2805.550048828125,32004652376.0,81532000.0,1488800.0
1063,42892.95703125,170.2100067138672,2770.070068359375,25242943069.0,98062700.0,1265100.0
1064,43960.93359375,174.07000732421875,2826.239990234375,31042992291.0,90131400.0,1027200.0
1065,44348.73046875,174.72000122070312,2830.429931640625,30574413034.0,80546200.0,963500.0
1066,47128.00390625,175.60000610351562,2839.0,36362175703.0,90371900.0,1188700.0
1067,47465.73046875,178.9600067138672,2865.0,31397059069.0,100589400.0,1433900.0
1068,47062.6640625,177.77000427246094,2852.889892578125,29333883962.0,92633200.0,1052300.0
1069,45538.67578125,174.61000061035156,2792.989990234375,33327427106.0,103049300.0,1475800.0
1070,46281.64453125,174.30999755859375,2814.0,38162644287.0,78699800.0,1173600.0
1071,46622.67578125,178.44000244140625,2872.85009765625,32499785455.0,76468400.0,953800.0
1072,45555.9921875,175.05999755859375,2821.260009765625,29640604055.0,73401800.0,962800.0
1073,43206.73828125,171.8300018310547,2743.52001953125,39393395788.0,89058800.0,1178700.0
1074,43503.84765625,172.13999938964844,2729.300048828125,26101973106.0,77594700.0,972400.0
1075,42287.6640625,170.08999633789062,2680.2099609375,27215995394.0,76515900.0,821000.0
1076,39521.90234375,165.75,2595.929931640625,33949912166.0,72088900.0,1206100.0
